label,39542_at,34690_at,41016_at,34922_at,35182_f_at,38701_at,1039_s_at,1606_at,598_at,33242_at,234_s_at,39591_s_at,39345_at,1427_g_at,31814_i_at,38440_s_at,31342_at,1470_at,1321_s_at,40388_at,1336_s_at,120_at,33441_at,33226_at,1814_at,31773_at,769_s_at,38784_g_at,34281_at,37053_at,32646_at,33580_r_at,661_at,31870_at,1602_at,824_at,39395_at,37918_at,31386_at,925_at,918_at,38115_at,37701_at,38403_at,33825_at,31719_at,33993_at,40483_at,40544_g_at,40476_s_at,33466_at,33352_at,35773_i_at,35151_at,33272_at,34847_s_at,40163_r_at,1747_at,33782_r_at,39721_at,36134_at,2036_s_at,38118_at,32307_s_at,286_at,36753_at,39754_at,40462_at,503_at,37062_at,37402_at,34362_at,41202_s_at,31886_at,330_s_at,36119_at,38967_at,1124_at,39054_at,34443_at,1649_at,1517_at,36881_at,36925_at,41193_at,32321_at,38790_at,1237_at,375_at,1346_at,39572_at,34715_at,40044_at,39829_at,39008_at,38516_at,34674_at,31590_g_at,AFFX-HUMISGF3A/M97935_MA_at,841_at,31834_r_at,166_at,1603_g_at,41275_at,41098_at,36197_at,34768_at,41689_at,1708_at,32109_at,37393_at,35704_at,39364_s_at,36148_at,36993_at,39649_at,38656_s_at,32287_s_at,1704_at,36861_at,39588_at,37588_s_at,40078_at,32849_at,32531_at,311_s_at,38004_at,232_at,424_s_at,33936_at,32680_at,32522_f_at,34666_at,35669_at,184_at,35231_at,2020_at,35714_at,41356_at,31720_s_at,40766_at,33293_at,33131_at,AFFX-M27830_5_at,36617_at,39002_at,915_at,34526_s_at,1988_at,33327_at,37403_at,39268_at,1052_s_at,1558_g_at,37410_at,39356_at,1890_at,38604_at,39696_at,37841_at,41475_at,33942_s_at,36979_at,35917_at,40145_at,37960_at,31330_at,36180_s_at,35297_at,41779_at,37716_at,39166_s_at,36091_at,36921_at,32393_s_at,33303_at,31745_at,37849_at,38407_r_at,38397_at,35185_at,36764_at,31858_at,39341_at,32566_at,614_at,35663_at,37351_at,36703_at,37852_at,39850_at,1942_s_at,1566_at,36040_at,2009_at,34889_at,38121_at,33103_s_at,38248_at,41055_at,1586_at,39242_at,41401_at,35352_at,479_at,41123_s_at,37051_at,38774_at,38391_at,31528_f_at,36927_at,35909_at,37140_s_at,39540_at,1537_at,41734_at,36766_at,33206_at,37782_at,37326_at,33235_at,32030_at,32062_at,39051_at,1709_g_at,39693_at,31996_at,33813_at,32749_s_at,33412_at,1751_g_at,36073_at,40232_at,1562_g_at,2089_s_at,41430_at,40512_at,36101_s_at,38743_f_at,33133_at,32647_at,38286_at,35903_at,41871_at,37099_at,35422_at,38313_at,33829_at,38833_at,40542_at,38370_at,1650_g_at,33033_at,32245_at,32314_g_at,38116_at,1786_at,34316_at,33883_at,40768_s_at,1091_at,32093_at,33901_at,32138_at,37640_at,39038_at,41870_at,32184_at,39388_at,36736_f_at,38545_at,32174_at,34767_at,35649_at,34086_at,1737_s_at,32718_at,280_g_at,37259_at,36834_at,33854_at,755_at,34088_at,36899_at,37360_at,37200_at,32745_at,36115_at,39611_at,35242_at,39775_at,38752_r_at
1,310.9,10.0,10.0,538.5,10.0,10.0,18.0,10.0,146.3,10.0,54.8,387.4,236.0,10.0,10.0,61.8,37.1,194.4,51.0,10.0,10.0,12.3,10.0,18.1,86.8,13.0,3039.3,10.0,10.0,19.3,45.3,80.6,13.0,20.3,10.0,22.2,128.9,15.0,39.7,126.0,14.3,10.0,10.0,23.2,283.7,1424.3,18.0,10.0,10.0,10.3,16.7,21.1,10.8,22.1,10.0,10.0,10.0,35.2,129.3,25.9,113.5,10.0,255.6,129.1,41.6,10.0,17.8,10.0,168.3,13.6,12.7,15.6,16.6,10.0,10.0,111.0,29.3,10.0,33.2,10.0,25.2,74.9,41.9,10.0,118.6,29.0,15.1,37.4,55.5,249.7,10.0,40.8,10.0,10.0,16.5,10.0,49.1,27.3,18.6,10.0,48.4,18.5,22.3,51.4,36.1,200.7,34.5,11.7,10.0,99.8,31.8,13.6,20.6,60.8,21.8,43.6,20.5,10.0,45.4,10.0,10.0,10.0,93.8,10.0,19.8,1734.2,10.0,242.1,10.0,10.0,10.0,10.0,10.5,77.4,138.0,10.9,27.6,10.0,12.0,1851.5,10.0,10.0,60.6,129.8,156.7,69.4,10.0,10.0,165.8,10.0,112.4,181.3,167.9,10.8,24.4,10.0,147.0,12.7,10.0,10.0,10.0,92.7,137.8,98.7,63.0,10.0,824.3,43.9,84.5,10.0,102.2,543.5,15.2,73.3,13.4,10.0,77.2,10.0,10.0,16.3,424.0,30.1,10.0,105.9,137.2,10.0,10.0,272.0,43.9,10.0,10.0,100.0,10.0,26.4,10.0,18.3,188.9,12.5,10.0,10.0,152.2,24.8,49.7,22.0,10.0,563.1,10.0,15.2,17.1,16.4,10.0,72.5,11.8,10.0,169.2,10.0,10.0,13.4,10.0,203.8,10.0,10.0,35.9,10.0,10.0,19.2,32.4,137.8,968.9,935.3,81.0,10.0,45.9,10.0,180.6,10.0,10.0,235.8,33.6,30.8,19.8,23.2,10.0,17.8,26.7,10.0,34.4,47.0,109.2,28.9,10.0,50.0,10.0,45.4,10.0,23.5,115.6,17.0,10.0,10.6,10.0,18.6,13.2,10.0,22.4,88.7,10.0,11.3,16.7,10.0,77.4,144.6,10.0,10.0,10.0,623.5,16.4,1042.2,10.0,10.0,21.5,26.0,59.3,82.0,266.8,33.1,22.4,44.2,21.0,25.3,77.1,294.0
1,2795.7,140.77,140.64,10.0,26.24,102.33,24.8,494.59,148.9,87.24,219.35,10.0,149.16,29.65,47.88,32.67,58.51,101.02,10.0,315.77,567.92,10.89,10.0,51.43,17.06,49.72,247.03,21.12,1789.0,220.27,153.75,77.27,12.33,42.64,115.58,79.9,997.7,26.76,76.75,58.25,99.97,186.81,29.91,10.0,72.55,54.44,71.89,105.35,61.4,16.92,135.13,57.99,10.0,10.0,10.1,322.2,10.0,10.0,302.52,73.2,668.02,10.1,96.56,10.0,88.68,10.0,27.55,10.0,342.01,217.12,83.96,66.25,68.48,10.0,466.38,10.0,134.6,62.84,112.69,37.91,56.94,10.0,72.94,69.53,23.35,159.79,83.83,22.04,99.31,2467.7,39.36,10.0,11.81,107.58,26.63,582.35,169.37,39.23,58.38,20.2,203.48,29.39,110.59,10.0,125.29,20.99,10.0,63.23,236.8,517.68,20.2,67.3,73.86,1455.9,34.37,208.59,17.45,10.0,22.83,10.0,41.19,668.02,10.0,10.0,325.61,15.48,10.0,27.42,10.0,31.75,29.65,176.58,27.42,263.43,41.98,46.44,10.0,39.1,114.92,59.82,93.15,1241.7,10.0,85.01,205.71,15.74,128.3,241.0,29.12,69.53,10.36,55.1,148.51,190.62,84.49,97.74,95.77,88.55,43.69,10.0,10.0,1697.2,276.55,2482.6,10.0,25.06,538.14,25.06,316.3,38.83,402.75,15.61,53.66,172.78,67.3,23.22,107.97,245.72,1526.5,23.75,279.7,248.47,28.47,28.99,66.51,10.0,79.76,62.32,79.11,184.45,78.58,29.65,42.9,70.06,202.03,322.6,52.48,104.82,555.06,92.1,175.93,445.0,35.03,614.62,10.0,107.05,28.73,112.3,37.0,10.1,85.8,10.0,44.47,157.69,97.34,61.53,10.23,245.46,284.55,32.27,113.22,33.59,23.35,355.0,262.64,55.1,10.0,54.84,158.74,233.39,262.25,135.91,45.0,474.51,19.02,219.22,1141.2,10.0,33.06,10.0,128.3,193.11,302.92,19.29,28.21,204.26,213.58,83.83,138.01,70.97,97.21,10.0,431.88,10.0,10.0,11.81,51.95,10.0,10.0,10.0,1445.4,301.08,94.98,1704.0,282.45,10.0,10.0,22.83,379.93,41.98,54.58,66.51,209.38,25.06,141.69,65.73,12.46,88.95,601.77,23.88,234.7,216.07,10.0,438.31,558.48,33.72,44.34,10.0,73.34,45.0,502.72,936.04
1,684.09,28.61,40.66,10.0,70.19,37.97,144.75,23.01,18.33,10.0,627.33,20.94,378.87,32.76,79.32,87.45,68.73,115.75,116.29,201.36,13.81,152.42,109.92,106.09,146.52,11.81,1880.0,54.23,10.0,21.4,90.9,29.76,52.85,49.86,10.0,20.48,452.2,74.1,16.11,229.28,50.63,56.77,54.23,34.83,1060.5,1129.2,117.83,274.85,175.43,62.6,42.11,80.01,10.0,87.91,64.44,24.32,167.61,58.84,179.88,120.05,128.72,50.94,441.31,476.83,95.73,42.19,61.37,123.81,365.44,10.0,57.92,63.13,275.46,63.67,18.79,69.88,42.04,45.95,208.19,67.12,109.46,92.36,58.15,70.96,115.68,190.7,22.48,61.06,13.73,806.06,10.0,129.72,11.2,127.26,16.8,31.76,13.5,234.81,77.02,83.0,23.17,10.0,10.0,52.16,59.91,1131.6,111.46,23.55,39.12,104.32,165.54,29.92,23.93,372.96,440.93,60.14,22.63,10.0,45.64,388.23,67.43,70.11,116.21,55.69,232.05,1743.9,185.25,351.18,393.9,24.39,61.52,10.0,198.52,91.28,65.51,48.33,144.75,30.15,50.09,1610.9,439.7,114.37,363.99,10.0,520.86,118.52,16.26,10.0,115.37,23.17,130.79,16.11,354.78,31.68,95.35,47.64,73.41,10.0,16.72,23.24,37.89,147.44,320.03,239.64,104.63,74.95,1501.9,119.28,86.68,39.74,83.54,933.4,18.03,70.5,19.94,20.87,48.86,20.25,12.12,29.23,1137.2,10.0,19.02,298.02,349.64,42.34,72.18,50.78,10.0,10.0,57.0,151.88,44.34,19.87,24.24,97.88,85.61,36.28,36.21,42.27,656.1,10.0,74.03,252.99,31.37,29.76,25.54,65.28,25.01,15.42,41.81,70.8,26.54,35.13,673.89,33.29,38.74,130.18,16.11,170.76,10.0,29.53,157.33,204.35,33.98,48.4,30.45,139.46,1807.3,679.34,161.32,14.19,91.36,21.17,26.16,68.66,43.72,949.51,141.3,69.04,30.38,83.61,71.11,498.92,125.8,86.38,34.44,10.0,525.15,10.0,52.16,146.13,79.01,88.68,107.24,35.13,68.27,18.18,55.46,49.32,160.32,18.64,108.77,139.38,18.56,49.32,275.08,140.46,33.83,21.86,59.22,70.96,39.51,33.75,31.07,391.6,48.48,82.23,10.0,188.01,27.62,38.36,96.19,25.93,139.99,113.07,32.6,30.99,10.0,14.12,723.68,32.6
1,850.5,83.56,300.7,10.0,23.98,52.61,178.0,30.67,10.0,454.25,274.86,10.0,310.55,23.8,51.77,79.1,50.1,168.98,23.52,119.91,27.51,10.0,95.37,207.37,50.1,57.17,233.49,14.22,29.28,125.02,161.36,44.71,624.35,70.74,10.0,11.9,84.96,58.75,16.55,82.91,44.99,84.77,44.62,12.64,454.99,179.77,96.2,345.96,224.01,79.85,46.01,73.25,10.0,67.95,10.0,24.07,152.35,37.18,164.8,133.57,92.39,14.69,107.36,10.0,83.93,50.1,17.38,198.36,93.51,10.0,26.77,75.85,343.45,10.0,26.49,17.2,60.05,106.71,141.1,26.21,138.68,25.84,10.0,102.34,54.66,239.16,40.71,10.0,35.88,372.17,124.0,369.57,10.0,193.62,28.35,40.53,10.0,37.92,76.13,378.59,55.86,17.48,10.0,78.64,155.88,19.89,101.13,22.59,163.13,28.63,21.1,10.0,24.73,268.16,54.19,59.02,39.97,1122.2,47.96,20.91,34.67,69.81,10.0,38.11,68.41,193.24,81.05,47.87,105.68,48.52,65.16,57.54,26.03,10.0,34.58,95.55,53.45,20.73,85.42,240.84,673.61,173.63,1095.1,10.0,353.31,107.73,105.59,64.6,104.94,10.0,15.9,10.0,158.48,14.97,183.95,84.86,60.98,26.86,105.78,90.63,73.15,440.31,69.25,228.47,287.5,10.0,1727.0,68.13,83.38,83.19,131.06,36.07,15.24,10.0,29.93,22.49,52.05,265.37,62.46,13.11,218.81,10.0,38.95,34.95,62.37,10.0,30.4,10.0,44.43,82.91,39.78,218.99,128.55,30.49,18.78,119.26,64.97,57.82,76.41,60.42,27.51,50.66,174.75,331.93,16.55,10.0,96.3,103.36,17.2,15.06,145.1,128.36,40.62,21.38,208.4,41.08,10.0,226.89,12.36,10.0,10.97,180.51,169.54,54.19,138.87,36.07,30.77,96.02,746.67,108.38,194.73,77.99,90.72,59.67,35.97,104.85,47.5,10.0,373.75,52.42,31.7,127.16,133.01,26.31,17.01,79.66,51.96,45.36,689.6,39.78,72.5,152.72,78.73,111.45,13.11,102.9,116.65,21.29,104.66,135.43,41.74,15.15,10.0,275.97,34.67,22.31,10.0,32.72,40.81,66.0,62.93,57.82,71.48,34.76,19.89,56.14,40.16,60.05,15.34,10.0,48.52,22.22,66.93,216.2,171.96,87.84,40.9,39.13,10.0,77.06,381.47,329.88
1,2608.9,109.38,85.92,29.59,24.08,122.24,14.08,87.75,140.4,53.26,355.91,10.0,142.65,21.84,95.3,10.0,50.0,10.0,12.86,188.77,449.17,13.27,10.0,10.0,14.9,174.08,520.39,10.0,1561.0,207.54,232.24,50.61,13.27,25.1,19.8,44.9,703.24,12.86,10.0,47.75,210.4,85.71,27.55,17.75,60.41,44.08,10.0,114.89,112.85,25.51,115.1,71.22,10.0,10.0,10.0,173.46,137.14,10.0,24.08,10.0,525.08,10.0,97.96,10.0,90.41,30.0,41.63,10.0,135.71,112.24,96.12,157.75,56.12,10.0,152.24,13.06,80.81,79.18,200.61,45.51,56.73,10.0,10.0,181.83,41.02,156.73,40.0,22.24,21.84,1654.2,57.35,10.0,10.0,51.63,22.24,127.14,107.96,54.28,39.18,83.88,64.28,68.77,35.71,20.0,331.21,17.75,10.0,105.51,229.18,108.57,11.43,94.9,53.67,1454.8,22.65,168.97,10.0,52.86,41.43,10.0,31.43,406.92,10.0,10.0,271.21,38.37,10.0,23.26,23.67,35.71,83.47,59.59,32.45,211.83,53.06,83.47,47.96,17.55,95.51,90.0,144.08,750.99,96.94,25.71,222.65,10.0,62.86,143.26,130.81,291.83,10.0,10.0,75.3,112.85,35.31,60.2,33.67,126.32,23.26,22.65,10.0,1503.2,134.69,2025.2,10.0,14.49,421.01,10.0,135.51,47.75,269.99,12.24,32.45,83.67,31.43,47.96,83.47,235.09,1345.3,10.0,219.58,132.44,25.51,52.86,42.04,10.0,77.55,10.0,67.35,133.46,122.04,29.39,88.77,72.04,79.18,252.44,18.37,127.75,365.7,76.32,157.75,237.54,18.16,457.94,11.63,364.89,45.31,126.53,42.65,10.0,77.75,10.0,65.71,50.61,48.98,51.22,12.65,182.85,199.58,27.75,86.12,10.0,236.32,329.58,150.61,27.55,24.9,38.16,179.18,114.28,170.2,89.18,10.0,127.55,54.28,179.59,800.38,10.0,13.88,10.0,75.1,265.3,302.44,28.98,14.29,215.3,305.7,60.2,250.6,32.86,111.63,10.0,227.13,10.0,10.0,10.0,47.96,10.0,10.0,10.0,863.44,238.77,63.47,1454.8,125.71,10.0,10.0,38.16,221.22,10.0,19.39,149.38,140.4,20.82,94.28,14.9,18.16,30.2,305.91,10.0,89.79,174.48,118.98,210.6,352.44,40.61,10.0,10.0,87.55,60.81,324.89,550.18
1,240.16,17.91,17.59,10.0,37.89,10.0,224.44,66.62,91.09,24.78,116.7,21.55,668.94,61.0,40.5,59.96,121.8,310.01,162.39,511.96,27.69,57.57,110.55,39.35,130.02,82.97,2538.7,73.49,10.0,29.77,68.91,10.0,31.54,81.41,10.0,28.94,162.39,163.64,66.73,357.16,107.01,50.18,300.74,66.0,1039.0,1129.6,124.61,24.26,10.0,21.76,38.41,105.97,10.0,84.53,295.95,53.51,64.54,65.79,10.0,61.31,110.24,206.53,592.32,631.88,281.8,33.83,88.28,75.16,137.72,13.95,360.39,99.52,221.94,30.71,61.63,261.08,14.05,42.26,79.12,13.33,203.41,10.41,22.59,166.25,70.58,247.24,45.39,126.48,27.48,628.55,10.0,10.0,10.0,239.01,245.05,28.32,10.0,443.67,141.57,36.64,10.0,11.87,28.32,39.66,194.04,1434.7,137.1,50.38,56.84,72.04,101.18,56.21,133.77,435.13,109.2,104.62,19.36,10.0,69.02,235.58,32.69,48.51,180.4,20.51,311.26,1705.2,10.0,144.91,141.05,45.6,36.96,28.11,330.51,82.34,161.56,86.51,32.38,111.49,28.32,1738.4,282.11,149.59,94.73,10.0,1194.7,82.76,61.63,10.0,10.0,203.2,290.44,10.0,410.88,36.33,62.36,21.03,170.2,29.88,18.43,16.76,19.05,265.77,432.01,492.28,13.12,127.42,722.76,186.96,39.14,76.1,90.36,536.11,33.1,135.43,10.0,38.93,61.0,30.92,417.13,16.86,352.79,19.15,28.32,345.82,196.96,101.08,10.0,224.75,10.0,10.0,43.93,124.29,46.85,313.03,40.39,112.64,175.93,47.16,78.07,46.53,593.16,25.82,49.55,98.89,42.06,217.46,39.35,61.31,131.89,98.27,135.75,29.88,38.41,38.0,87.44,21.65,39.66,128.77,28.32,513.42,23.42,52.26,33.1,37.27,50.7,56.84,62.46,247.76,2352.0,537.88,141.05,63.61,90.15,26.03,15.82,54.55,41.54,651.97,68.71,31.23,49.86,105.35,79.43,448.56,103.16,13.64,162.5,96.08,608.25,32.69,112.01,355.19,62.77,22.8,71.62,10.0,75.37,10.0,27.48,31.23,13.43,33.21,67.25,99.52,53.2,70.16,300.12,27.79,37.27,54.13,69.33,142.82,39.45,23.84,15.09,260.77,87.34,81.09,20.09,23.84,63.71,89.32,11.35,50.9,222.04,166.56,25.61,14.57,18.95,49.97,2712.6,146.47
1,347.71,28.58,61.91,10.0,12.77,43.38,278.79,29.44,95.55,28.81,1430.1,15.65,754.52,54.9,70.55,78.11,55.6,170.23,96.64,66.82,16.28,49.06,10.0,53.42,106.06,76.78,2353.0,120.78,10.0,36.37,42.91,10.0,203.02,147.81,58.72,49.37,47.74,114.63,48.52,442.09,49.76,129.19,131.92,80.21,2281.2,944.07,77.49,775.0,216.96,40.11,29.98,142.2,50.54,175.68,65.88,57.55,18.07,37.61,128.26,43.77,72.89,81.77,793.3,176.85,248.03,99.91,83.48,12.3,550.26,22.82,90.41,128.8,286.58,91.11,42.52,47.74,88.0,13.71,399.26,57.24,163.77,10.0,58.41,94.23,226.3,233.31,73.67,113.07,23.67,3126.6,10.0,38.16,49.53,185.96,25.47,29.59,143.13,178.95,16.12,114.01,19.0,30.99,33.56,46.88,60.51,889.71,184.56,39.25,53.34,370.45,97.34,97.42,35.74,363.52,137.68,99.45,56.07,50.85,31.07,37.38,67.44,10.0,18.85,56.15,636.39,746.11,15.26,128.8,23.6,67.36,46.96,26.17,374.11,159.72,41.43,76.78,32.24,51.01,16.12,958.48,335.33,99.06,89.95,27.33,280.35,10.0,44.54,10.0,57.47,12.77,262.44,56.07,669.72,26.56,74.06,22.04,119.23,16.82,50.23,127.32,111.44,169.3,309.24,200.45,22.58,116.11,1327.1,59.18,173.97,105.13,58.09,433.14,100.85,131.06,53.5,70.4,12.07,186.74,461.64,116.19,978.64,25.15,63.7,383.84,202.32,10.0,333.61,78.42,29.2,10.0,65.18,141.42,28.35,89.87,20.33,106.77,69.62,102.79,26.17,49.06,248.65,10.0,341.4,305.89,45.17,17.6,95.71,91.81,146.4,90.57,97.5,69.15,10.0,24.22,356.98,30.14,123.51,297.4,26.48,151.62,28.81,18.92,200.76,22.43,54.67,74.21,10.0,241.25,1013.8,812.46,53.34,119.77,10.0,18.22,18.46,57.78,143.21,263.92,106.92,46.73,58.17,278.4,74.92,493.64,236.97,45.56,68.69,137.6,915.64,39.87,65.65,273.73,55.76,45.17,35.51,35.43,85.19,55.37,40.81,35.04,101.7,22.97,76.94,116.81,24.69,26.17,400.12,224.59,85.04,76.47,76.47,31.54,73.05,10.0,37.85,143.91,85.82,103.49,11.14,470.75,60.51,42.68,124.21,82.55,124.21,216.41,30.92,50.46,30.92,34.11,1058.5,525.96
1,642.96,10.0,10.0,10.0,13.42,10.0,146.43,72.25,22.62,10.0,432.46,12.58,1090.7,59.92,10.0,87.69,47.69,213.95,151.41,107.95,12.91,51.91,117.91,73.09,125.84,24.48,2820.3,141.96,10.0,18.32,21.1,10.0,11.73,93.94,29.12,61.78,221.97,103.05,82.54,565.39,13.5,49.63,154.7,48.36,1830.4,926.2,74.02,22.03,10.0,18.91,10.0,25.49,119.26,141.62,73.93,27.43,15.28,69.21,253.45,49.29,26.59,74.19,764.15,462.93,91.83,64.82,65.24,10.0,574.51,12.49,177.75,125.42,146.77,119.17,56.55,149.3,46.08,10.0,192.35,13.84,124.91,10.0,82.71,10.0,135.46,238.77,10.0,99.59,57.14,1121.6,14.94,27.43,10.0,216.48,121.45,36.71,10.0,149.39,66.09,15.53,11.9,17.81,46.93,55.11,21.69,1480.6,156.22,20.51,37.9,61.95,66.59,36.8,42.45,546.57,101.03,102.88,26.84,10.0,48.7,147.87,37.31,10.0,221.3,21.27,150.4,1128.4,10.0,161.62,77.56,24.9,10.55,10.0,108.96,10.0,51.91,48.11,98.66,26.16,12.83,1304.6,650.21,112.42,96.47,10.0,808.12,44.56,31.99,10.0,93.26,10.0,187.7,10.0,455.08,19.58,20.34,11.06,469.68,12.07,81.28,18.99,67.86,104.82,296.33,229.14,12.41,74.19,2012.6,68.95,182.22,89.3,32.16,974.31,76.55,120.27,48.53,22.45,21.44,19.67,31.23,153.19,1166.7,10.0,18.57,326.2,246.78,10.0,10.0,311.27,35.28,10.0,17.3,149.39,10.0,38.66,46.67,64.31,155.72,37.05,22.28,10.0,802.98,32.07,245.1,38.74,107.44,33.34,21.69,60.43,111.15,13.93,53.51,66.93,10.0,33.84,64.48,58.07,115.04,10.0,20.26,259.7,10.13,35.7,46.93,10.0,34.69,54.18,30.38,216.23,1561.8,1061.6,86.17,10.0,43.97,10.0,10.0,45.75,11.65,177.83,77.9,50.39,22.45,38.57,10.0,505.55,163.31,10.0,10.55,64.48,717.82,15.53,39.08,197.33,43.47,38.23,52.83,20.34,80.77,12.41,27.35,21.94,10.0,46.93,90.98,92.76,32.75,64.73,380.56,110.14,16.46,30.38,29.46,106.6,14.1,10.0,39.25,177.75,41.02,45.32,10.0,53.68,49.04,48.87,11.56,64.57,209.14,212.01,23.38,39.33,23.55,35.03,2188.6,627.68
1,328.26,88.68,281.28,10.0,38.56,94.11,194.13,21.02,103.64,28.68,1207.9,25.34,609.46,45.04,40.3,110.67,47.47,216.75,19.35,146.45,15.87,95.29,129.47,68.49,87.15,23.88,1332.5,49.98,10.0,146.45,185.29,65.08,36.96,138.03,30.97,53.88,566.45,105.38,94.94,393.48,35.85,82.9,58.4,32.71,460.79,683.8,13.02,434.96,233.32,42.67,61.53,82.76,79.28,122.64,10.0,33.76,34.04,27.91,189.54,65.5,122.44,52.83,242.85,140.39,72.18,59.72,37.31,10.0,372.53,10.0,196.29,98.56,74.69,20.6,34.04,74.34,28.26,25.55,78.58,63.9,91.18,15.52,49.42,113.46,63.83,384.71,41.9,10.0,22.9,1398.9,40.72,83.6,57.84,97.8,10.0,43.09,10.0,55.48,55.62,206.31,152.51,44.62,61.67,69.05,142.69,327.01,175.96,48.59,62.3,13.99,53.18,44.69,12.25,389.23,135.03,130.09,348.1,43.29,46.36,43.92,43.16,67.52,65.22,19.98,61.39,723.41,12.81,171.23,176.1,46.84,36.89,30.35,75.87,110.74,121.18,62.37,217.03,63.06,15.38,993.2,724.66,137.82,360.63,10.0,316.15,52.97,37.03,10.0,91.39,86.66,65.15,10.0,322.62,31.95,100.37,26.1,38.77,18.03,35.85,114.08,48.72,260.32,84.08,320.32,74.13,27.49,1141.9,15.04,206.8,37.1,106.08,494.55,141.37,90.56,55.34,61.95,10.0,121.88,245.08,49.07,461.07,19.98,63.62,147.84,180.07,10.0,10.0,77.12,50.53,10.0,33.41,1938.7,79.91,81.3,20.33,96.54,73.85,85.13,55.13,38.42,414.99,25.27,172.83,138.79,75.38,20.6,105.1,41.35,125.01,34.39,92.23,76.5,36.89,10.0,444.71,50.33,43.99,94.04,17.4,114.99,16.71,10.0,31.88,10.0,49.63,59.79,21.23,155.29,1102.4,604.1,35.64,51.16,22.83,40.79,48.17,46.15,36.54,190.72,136.08,41.0,33.83,152.44,88.54,237.63,191.9,119.72,41.55,54.57,859.83,27.49,37.38,144.92,80.74,68.0,51.3,22.07,55.62,35.71,17.82,17.89,174.85,16.08,114.36,100.72,23.11,26.03,243.34,108.93,37.94,43.92,126.89,110.74,39.61,91.67,24.85,236.73,107.4,38.0,10.0,10.0,55.75,31.25,10.0,219.54,149.65,168.44,34.11,26.24,18.17,23.67,575.98,653.52
1,1496.6,168.27,127.67,10.0,69.59,10.0,152.57,13.92,10.0,32.55,2005.0,10.0,61.85,10.0,129.45,120.97,61.53,211.49,10.0,16.74,42.17,34.11,16.85,116.37,10.0,84.97,406.86,10.0,100.25,72.42,497.69,63.62,92.51,10.0,42.07,24.49,237.13,13.5,70.32,52.01,104.75,102.97,28.05,10.0,170.36,350.25,53.89,933.12,565.09,82.15,134.16,99.2,10.0,70.43,10.0,55.99,183.55,10.0,10.0,10.0,102.55,10.0,514.44,17.79,75.14,10.0,10.0,63.73,272.08,34.22,10.0,10.0,201.55,130.81,57.56,20.2,42.49,103.39,199.66,280.45,74.61,40.81,10.0,10.0,208.24,35.16,72.1,10.0,36.1,958.45,20.41,255.13,95.33,86.23,15.8,62.47,14.76,34.32,60.38,588.94,68.33,39.35,80.79,142.95,34.85,13.29,118.46,345.02,118.67,46.99,11.41,27.63,11.09,189.72,77.54,83.51,67.18,197.36,35.37,10.0,10.0,10.0,10.0,65.19,18.73,373.69,142.21,82.04,532.85,21.56,34.32,93.34,10.0,72.62,42.28,90.52,463.89,38.82,32.55,550.85,483.99,114.27,729.27,10.0,90.83,122.12,13.71,10.0,229.49,61.85,10.0,10.0,192.65,31.6,109.04,11.09,15.28,28.46,37.25,225.2,53.47,379.03,27.52,299.08,79.11,10.0,2723.1,111.03,250.21,44.37,88.22,50.75,10.0,36.63,107.16,21.87,20.51,33.17,31.08,14.23,1711.5,17.79,65.93,13.6,70.43,10.0,57.24,10.0,23.13,11.72,11.62,377.67,60.8,118.77,10.0,114.8,47.4,45.0,29.62,181.35,109.25,92.82,58.81,250.84,11.2,10.0,10.0,38.61,19.57,23.34,14.96,402.05,111.87,10.0,10.0,11.93,10.0,336.12,27.73,16.22,42.8,38.61,34.22,88.32,85.29,10.0,88.11,31.39,427.9,148.6,20.51,10.0,37.36,32.55,577.54,43.64,57.03,14.55,332.04,10.0,44.89,79.01,134.68,27.94,10.0,224.05,81.0,48.77,61.95,49.18,21.56,24.38,107.78,54.63,15.17,59.96,10.0,88.43,10.0,88.53,349.1,41.75,10.88,260.46,28.05,10.0,10.0,10.0,55.99,37.15,10.0,187.73,55.88,10.0,31.92,120.76,20.2,90.41,24.28,10.0,29.72,26.27,86.23,275.11,220.8,13.6,33.7,53.47,49.18,54.1,197.68,950.08
1,628.43,84.68,132.47,10.0,71.26,10.0,148.75,102.78,10.0,25.02,965.34,10.0,312.83,32.99,51.35,84.42,60.96,162.43,63.55,66.76,12.3,11.0,111.35,61.91,18.62,62.77,1627.1,79.31,30.48,18.01,31.52,88.58,137.24,84.25,28.83,23.55,191.01,58.19,24.33,183.47,27.01,85.29,28.75,29.01,561.85,493.88,66.24,617.0,295.43,56.45,70.83,37.58,89.1,101.39,10.0,46.24,14.72,43.12,204.25,24.07,55.59,42.34,120.01,20.17,93.34,24.42,41.56,134.47,482.36,10.0,21.21,20.43,223.91,19.14,14.11,23.64,40.78,53.77,256.38,10.0,124.16,85.46,62.08,19.57,102.52,174.56,26.15,14.37,38.96,2866.5,51.52,102.86,51.09,114.64,24.59,34.98,10.0,48.49,158.62,159.32,81.56,10.0,55.16,126.59,21.47,362.36,176.11,24.85,37.92,163.73,144.51,46.24,20.78,137.32,87.88,18.88,14.72,10.0,35.67,10.0,33.51,10.0,11.0,37.66,252.14,437.6,50.39,97.41,288.15,27.97,59.92,31.43,95.33,81.3,10.22,10.0,263.74,37.49,10.0,589.12,371.88,143.9,151.44,10.0,117.5,79.57,183.13,10.0,138.45,10.0,50.13,223.65,398.98,11.0,107.45,12.21,22.6,11.08,29.7,123.82,10.0,122.86,54.12,278.63,73.6,18.79,1510.8,61.39,185.21,99.14,30.31,370.5,61.74,33.77,50.83,10.13,10.0,155.51,10.0,24.5,1690.3,10.0,42.25,229.88,166.5,10.0,12.73,43.38,68.66,10.0,55.76,180.62,10.0,39.22,10.56,25.28,93.08,44.51,52.47,22.17,220.45,10.0,195.51,182.43,13.42,10.0,93.34,63.9,113.6,10.0,335.6,279.93,49.01,10.0,2057.1,37.32,31.43,123.04,10.65,178.02,10.0,59.92,203.13,10.0,35.5,48.75,10.0,89.7,1181.5,546.78,174.99,10.0,71.0,14.55,14.63,43.64,24.24,43.99,146.76,53.51,31.43,69.79,103.56,218.28,67.8,84.16,30.82,55.76,630.86,10.3,10.0,169.19,71.43,81.04,13.33,62.43,70.74,57.32,19.83,46.76,11.86,15.67,54.72,237.59,12.38,135.33,150.14,174.38,38.36,40.35,38.18,17.4,45.02,41.04,38.36,80.96,67.62,39.66,10.0,237.85,28.57,10.0,113.86,64.77,305.04,89.18,32.21,10.0,10.0,11.86,754.41,819.87
1,234.19,110.25,813.13,10.0,39.29,42.11,343.81,55.49,10.0,23.2,337.54,10.0,298.46,20.69,30.31,68.87,32.4,81.09,10.0,25.08,14.0,29.16,35.74,87.05,10.0,85.48,503.7,56.12,10.0,47.34,391.57,121.01,86.01,26.13,28.32,29.99,182.56,27.28,54.65,76.91,31.77,96.98,84.12,11.29,258.54,497.32,74.72,506.94,264.81,26.54,76.7,130.21,33.75,105.02,10.0,21.01,136.17,17.77,185.28,99.17,98.23,18.29,64.9,27.59,150.8,12.44,16.51,14.11,189.04,10.0,10.0,76.6,1410.8,26.65,16.51,57.89,43.79,20.27,60.4,100.74,129.48,49.74,63.96,10.0,24.66,142.85,11.18,10.0,35.01,840.82,47.86,13.9,23.51,105.23,15.05,94.89,10.0,99.59,24.56,304.62,67.09,18.81,46.4,25.29,434.94,10.0,94.37,28.01,61.55,49.01,43.79,21.95,149.33,332.32,142.02,36.47,10.0,209.0,44.94,10.0,10.56,10.0,10.0,20.48,130.94,344.65,10.0,36.16,121.12,10.0,41.07,38.56,12.23,15.99,12.33,22.47,215.38,18.6,16.83,526.9,263.97,146.93,514.67,10.0,1069.4,118.92,29.05,65.1,98.44,10.0,10.0,10.0,267.63,10.0,104.61,10.0,10.0,11.7,14.21,138.57,10.0,277.45,166.26,310.89,48.38,10.0,1502.8,45.15,159.36,13.48,45.46,189.46,18.29,10.0,68.55,33.13,83.92,176.5,182.46,19.96,353.74,10.0,20.69,27.48,135.85,10.0,10.0,51.42,94.16,10.0,13.06,1738.7,33.13,38.88,10.0,70.54,38.98,153.3,69.7,10.0,205.87,10.0,21.74,52.67,37.41,10.0,129.48,57.89,17.77,39.82,153.51,118.71,10.0,10.0,274.0,10.0,14.11,224.78,14.74,59.88,10.0,27.8,27.8,10.0,42.43,10.0,68.97,50.89,594.51,77.96,293.13,82.66,67.93,25.29,28.95,44.62,66.67,94.57,137.11,26.23,25.39,283.62,184.65,25.81,20.06,85.59,59.78,39.61,309.64,38.46,22.89,173.68,120.39,53.19,10.0,10.0,36.58,63.54,25.81,30.72,10.0,10.0,13.48,76.08,13.38,10.0,10.0,30.83,181.62,34.59,35.22,280.17,55.7,14.63,10.0,72.32,36.16,31.25,10.0,10.0,53.3,59.67,130.63,72.21,149.12,59.04,38.04,27.28,10.0,13.59,86.32,851.37
1,472.32,81.6,160.95,10.0,23.2,124.53,157.37,145.37,10.0,36.76,463.47,16.7,705.24,87.76,10.0,224.62,12.78,254.77,10.0,162.07,27.91,32.62,273.49,60.86,97.29,71.62,1827.4,64.11,72.74,41.14,136.74,12.22,63.22,196.93,67.92,33.51,161.29,168.46,71.29,450.13,41.02,212.4,41.92,65.01,1546.3,447.33,37.66,267.88,272.03,41.14,16.25,67.59,77.23,191.78,99.2,43.83,10.0,37.89,26.9,30.04,74.42,39.68,211.39,91.35,98.07,134.84,93.48,10.0,712.19,10.0,32.17,107.26,442.51,10.0,23.65,21.3,93.14,58.06,148.51,43.04,178.44,10.0,102.11,162.41,43.15,317.2,98.97,10.0,100.54,3699.5,20.96,11.77,36.09,151.09,41.81,60.53,102.89,333.0,36.09,30.15,239.86,73.08,77.9,36.65,312.27,878.18,169.81,31.83,114.77,284.92,134.17,78.46,19.62,445.42,73.19,173.62,42.93,10.0,22.53,15.13,48.42,82.16,23.87,20.85,804.54,339.39,18.49,97.29,54.92,37.77,55.82,10.0,279.88,74.65,80.48,64.56,127.66,76.33,19.73,462.24,957.09,129.01,147.28,12.55,148.51,10.0,68.93,10.0,10.0,52.57,159.94,10.0,557.4,25.22,20.85,26.56,55.37,24.66,66.69,107.83,10.0,297.02,78.35,571.07,29.25,10.0,1593.5,50.77,258.24,68.93,90.45,202.42,244.68,138.31,46.85,54.59,86.87,170.14,910.57,37.44,460.33,10.0,59.41,457.53,138.87,10.0,26.23,154.0,33.4,10.0,52.57,373.91,23.87,318.66,27.8,113.54,64.11,217.11,102.22,41.25,263.06,50.55,327.51,274.38,47.75,65.46,305.09,98.19,256.56,10.65,129.68,13.67,103.01,28.36,375.6,68.71,74.65,194.35,32.84,161.4,59.41,16.25,189.76,10.0,89.22,51.56,10.0,119.48,1015.7,1039.8,10.0,87.09,44.39,39.23,10.0,87.54,167.45,10.0,174.07,38.22,56.04,242.1,137.19,415.05,296.91,25.78,81.71,150.31,1162.4,59.07,80.14,352.95,64.56,35.64,19.73,35.31,48.65,22.75,29.14,10.0,236.5,14.57,54.47,125.2,41.81,26.12,276.29,106.03,110.74,37.44,57.95,152.32,36.76,249.84,19.62,81.37,81.04,10.0,29.48,105.81,80.03,43.83,94.38,140.55,59.29,281.44,100.99,51.11,64.45,39.9,1934.1,1050.9
1,1039.2,44.93,97.34,25.56,38.58,91.64,24.09,31.9,119.8,22.46,579.16,25.56,400.6,29.63,76.18,52.74,50.79,122.25,10.0,320.83,106.46,22.95,10.0,10.0,45.58,66.9,909.11,61.37,401.74,80.74,153.82,13.35,23.11,187.03,17.25,74.72,453.82,63.0,89.53,264.84,164.57,55.34,51.28,31.42,439.5,93.43,17.25,391.32,208.52,40.04,55.51,153.34,10.0,92.13,29.79,101.57,10.0,10.0,122.25,49.97,204.94,10.0,165.38,20.02,195.66,81.06,39.56,10.0,234.4,127.62,275.91,137.87,90.02,10.0,87.25,17.91,54.86,80.25,196.47,46.88,64.95,20.67,10.0,139.83,30.6,310.42,102.55,10.0,96.04,1748.9,12.05,33.21,10.0,11.07,31.74,184.1,70.32,213.56,56.81,67.23,22.95,128.43,46.23,35.32,168.64,361.37,24.74,127.45,121.76,231.14,26.37,154.31,83.34,1017.0,31.25,202.5,19.37,45.58,37.93,10.0,55.51,228.87,10.0,12.7,140.97,103.2,10.0,57.46,168.8,31.25,51.11,29.95,100.76,172.22,60.88,63.48,200.05,76.99,50.62,200.22,199.24,331.74,75.69,81.71,215.84,10.0,53.39,69.83,19.05,224.96,10.0,10.0,261.75,54.53,65.11,21.49,26.7,77.48,19.21,35.81,25.88,816.82,113.62,1371.1,20.51,10.0,679.11,50.3,171.57,19.7,95.71,117.85,37.76,76.99,10.0,16.44,128.27,170.59,1373.7,35.81,486.38,36.79,50.95,46.72,63.97,10.0,38.74,11.07,79.6,10.0,45.09,176.78,107.11,66.41,41.35,114.11,10.0,96.85,115.73,62.83,199.4,118.18,28.32,279.0,25.56,409.55,77.48,42.32,106.78,86.27,76.67,10.0,10.0,65.44,179.71,55.02,29.14,207.54,109.87,97.18,67.23,31.58,10.0,262.72,57.62,46.88,46.88,127.13,466.03,279.98,13.35,108.9,15.46,32.39,110.36,74.23,179.71,10.0,13.02,10.0,37.6,175.96,202.98,58.11,97.67,140.64,342.16,107.27,667.23,55.83,51.44,10.0,184.75,10.0,28.0,10.0,64.3,22.63,10.0,10.0,338.9,101.41,73.09,571.19,56.81,10.0,10.0,35.65,153.17,35.49,57.95,281.12,48.67,10.0,46.72,73.09,10.0,10.0,95.88,36.63,37.6,41.02,10.0,157.73,468.8,120.78,27.67,48.02,76.83,65.44,772.05,661.53
0,58.7,14.5,365.1,10.0,10.0,23.1,10.0,10.0,10.0,12.2,187.1,10.0,33.4,10.0,10.0,11.4,11.4,44.9,10.0,19.3,19.0,19.2,14.7,61.6,10.2,10.0,266.4,32.7,10.0,25.0,112.0,10.0,10.0,10.0,11.2,10.0,131.8,10.0,10.0,44.0,21.6,10.0,10.0,10.0,62.4,86.5,10.2,113.8,248.7,14.5,12.9,15.0,10.0,10.0,10.0,18.8,10.0,10.0,26.1,10.0,73.0,10.0,67.5,11.0,25.1,10.0,10.0,10.0,27.5,10.0,14.8,10.0,10.0,10.0,10.0,16.0,10.0,47.1,10.0,26.5,11.7,49.6,10.0,10.0,13.8,40.7,10.0,10.0,28.7,274.3,60.1,10.0,13.4,21.7,13.1,10.0,10.0,17.7,19.9,99.6,12.2,10.0,13.7,12.8,57.4,10.0,10.0,17.1,26.7,10.0,10.0,10.0,30.6,116.9,10.0,10.0,10.0,30.3,36.2,10.0,10.0,38.5,17.6,10.0,10.0,71.8,10.0,13.3,10.0,10.0,41.3,10.0,10.0,13.6,13.9,10.0,268.5,10.0,10.0,137.9,10.0,104.4,82.8,82.6,325.7,10.0,18.8,28.5,67.7,10.0,10.0,10.0,44.1,13.2,16.4,10.0,34.3,10.7,10.2,46.0,10.0,155.9,17.6,314.3,10.0,10.0,108.4,22.4,32.3,10.0,10.0,49.3,10.0,10.0,16.1,11.0,81.9,111.3,16.7,10.0,28.8,10.0,10.0,32.5,14.3,10.0,10.0,54.5,31.0,10.0,25.3,35.9,21.3,13.8,10.0,10.0,10.0,17.7,19.2,15.3,67.8,10.0,12.6,74.9,15.7,10.0,17.0,17.7,10.0,14.9,10.0,39.7,17.8,10.0,233.8,10.0,10.0,71.1,10.0,10.0,10.0,10.0,53.2,10.0,23.5,10.0,12.3,32.8,74.6,24.1,14.6,27.9,10.0,30.5,10.0,10.0,17.1,17.5,10.0,10.0,12.0,10.0,40.7,10.0,10.0,95.6,22.3,10.0,173.1,54.7,10.0,10.0,72.9,20.6,10.0,10.0,12.9,10.0,17.1,10.0,66.6,10.0,10.0,27.5,10.2,10.0,10.0,19.6,35.8,10.0,12.3,68.1,10.0,10.0,19.7,99.2,10.0,16.3,10.0,10.0,10.0,10.0,41.4,44.2,39.1,15.9,10.0,26.3,45.4,10.0,55.7,144.9
0,142.43,10.0,10.0,10.0,10.0,16.89,202.18,48.76,67.03,14.37,557.35,19.72,391.92,40.5,10.0,59.43,23.51,100.76,28.06,30.24,20.09,30.42,10.0,33.95,36.61,45.78,1149.7,57.06,10.0,10.66,23.47,10.0,28.53,56.84,39.74,26.09,103.17,39.63,34.13,392.25,10.0,50.95,76.13,45.93,391.52,446.29,32.06,100.36,16.56,10.0,12.45,15.65,43.05,73.69,88.21,29.62,64.16,27.37,10.0,34.61,33.48,65.5,172.45,50.0,63.25,33.7,33.22,23.65,292.8,10.0,264.27,20.27,69.76,10.0,31.11,39.08,50.26,29.66,26.89,10.0,72.93,10.0,21.11,20.05,56.91,203.31,26.49,43.16,36.72,873.04,10.0,12.12,25.84,186.65,18.92,19.43,10.99,128.49,56.91,11.86,34.9,19.72,32.13,22.09,17.87,1081.3,61.17,11.43,24.38,10.0,83.26,19.51,10.77,169.62,51.6,55.6,16.27,10.0,10.0,14.59,16.38,12.59,10.0,18.56,132.75,377.08,10.01,81.77,147.31,28.17,10.0,10.0,102.91,14.74,40.9,42.54,16.67,24.45,10.66,437.19,146.47,72.82,79.08,113.5,271.98,38.25,45.74,10.0,15.47,10.0,63.25,10.0,489.38,15.14,10.0,20.71,124.82,10.0,10.0,31.01,12.56,90.83,149.86,93.74,15.61,31.73,1247.1,33.7,74.78,21.8,20.23,317.94,33.48,61.06,24.82,22.6,40.61,27.29,10.0,11.39,1010.0,10.0,25.87,171.91,132.68,552.08,10.0,21.76,10.81,10.0,11.35,88.9,10.0,35.95,17.25,53.49,269.62,10.0,29.84,10.0,586.9,18.09,127.55,86.57,30.68,20.45,21.83,27.37,131.41,10.0,163.87,46.36,11.72,11.72,775.15,18.92,25.22,38.25,10.0,212.96,10.0,20.85,42.14,10.0,20.74,27.88,11.43,88.17,704.88,872.89,98.18,10.0,30.28,18.2,10.0,28.42,20.49,377.66,72.13,35.37,50.36,28.24,11.28,184.79,168.96,10.0,13.87,47.74,727.59,10.0,10.0,111.21,10.0,24.09,26.31,23.91,54.22,13.21,23.8,11.1,85.88,10.0,48.25,39.19,17.69,52.15,138.43,59.86,28.49,660.7,41.63,11.35,21.73,11.9,51.71,109.72,35.92,34.83,10.0,10.0,39.45,29.19,48.0,24.86,112.19,73.36,33.88,34.32,10.37,19.8,822.64,390.58
0,858.43,72.15,88.35,35.31,19.99,15.16,35.55,25.07,56.03,23.3,149.53,10.0,80.37,10.0,39.5,10.0,23.22,10.0,10.0,118.98,220.23,10.0,10.0,20.31,44.34,116.08,258.36,12.33,513.33,141.07,240.22,35.71,16.53,41.19,11.21,10.0,261.42,10.0,12.98,14.59,286.57,48.53,10.0,33.86,84.88,44.01,27.09,39.82,39.66,10.48,84.32,47.24,10.0,10.0,10.0,127.61,30.23,10.0,43.29,10.0,281.57,10.0,63.76,10.0,27.33,10.0,22.01,10.0,23.54,86.74,140.1,70.05,118.42,10.0,27.25,19.83,11.93,63.28,141.96,19.19,49.66,10.0,10.0,331.07,17.01,84.64,35.07,21.2,11.45,664.8,18.54,10.0,10.0,25.39,14.59,205.72,48.77,25.39,23.38,49.98,25.07,17.41,10.0,10.0,310.27,10.0,10.0,83.43,110.36,70.78,10.0,108.82,36.52,1065.4,50.14,47.8,10.0,10.0,35.55,10.0,12.66,211.04,10.0,10.0,210.64,28.46,10.0,11.53,52.88,36.52,48.77,10.0,22.49,186.37,38.05,12.98,46.59,10.0,53.28,75.29,179.36,348.48,10.64,10.0,71.58,10.0,30.23,121.72,10.0,534.13,10.0,10.0,68.36,50.54,18.78,29.26,34.99,34.58,14.83,10.0,10.0,721.55,94.32,942.1,10.0,10.0,104.71,14.51,35.07,11.93,163.8,27.89,21.2,48.45,10.0,26.04,35.79,81.9,1013.4,10.0,72.15,48.85,10.0,23.7,29.42,10.0,52.72,66.83,35.87,80.85,72.95,14.11,63.84,39.42,54.98,136.55,10.0,84.96,157.27,138.49,79.48,78.6,10.08,208.62,10.0,474.72,27.57,75.86,10.0,10.0,26.04,10.0,25.72,84.88,46.67,29.83,10.0,150.26,67.79,12.17,77.47,10.0,71.34,118.34,115.68,32.65,47.64,14.67,100.52,43.37,76.5,51.03,36.6,89.24,114.71,93.43,370.73,19.02,18.3,10.0,40.39,103.34,229.34,17.73,10.0,60.06,538.08,13.06,81.66,14.43,157.43,50.14,111.32,10.0,15.4,10.0,44.58,10.0,36.03,10.0,426.75,129.38,33.7,633.92,52.56,10.0,10.0,28.86,179.52,15.64,10.0,137.6,71.42,10.0,56.91,31.52,10.0,10.0,153.97,14.27,40.47,105.76,39.82,135.75,151.31,10.88,10.0,10.0,49.66,88.51,187.9,106.16
0,171.32,51.5,395.82,63.8,21.48,10.0,98.77,10.0,10.0,10.0,346.77,10.0,165.33,10.93,37.74,29.75,36.33,28.34,23.71,65.92,38.02,99.74,15.12,34.1,63.47,56.67,500.41,40.36,10.0,64.61,162.56,21.86,34.21,21.65,10.0,10.0,238.05,35.95,35.51,94.63,28.5,25.07,21.54,11.31,876.22,840.11,42.91,120.74,100.67,17.13,23.28,95.61,13.27,25.29,10.0,19.8,115.19,11.75,108.61,13.16,181.49,49.06,260.62,263.18,48.46,19.85,41.93,23.66,79.24,11.69,24.31,54.82,148.26,14.79,10.0,59.39,20.23,10.0,91.75,71.9,24.15,22.46,10.0,10.0,64.5,83.86,18.17,19.14,10.82,448.8,35.13,65.7,10.0,106.6,10.0,16.81,10.0,35.08,38.4,145.76,10.0,11.04,10.0,36.71,55.37,115.46,76.69,26.81,47.59,27.9,53.41,17.4,10.01,181.11,273.35,78.21,10.0,145.86,47.43,99.09,13.92,26.16,10.0,48.57,87.56,1140.0,92.02,154.57,184.75,34.75,19.04,10.0,42.31,87.24,18.17,44.6,195.46,10.0,12.29,1138.6,632.02,103.17,59.28,10.0,64.23,15.94,11.75,10.0,82.61,33.23,17.73,10.0,107.41,17.73,16.86,10.0,61.57,10.0,36.44,56.56,10.0,193.45,142.98,176.65,59.55,38.72,240.17,52.7,38.07,41.5,56.67,378.42,11.31,44.11,12.62,29.04,31.76,61.89,140.59,10.0,418.18,10.0,15.61,92.4,107.74,10.0,11.15,18.17,10.0,10.0,31.06,69.89,42.04,33.72,10.0,108.45,30.89,19.58,21.48,40.84,115.79,15.88,45.63,162.56,25.62,36.82,13.76,70.21,22.35,25.4,14.96,139.56,22.08,10.0,14.68,26.6,10.5,81.96,10.0,57.32,95.01,24.09,19.09,10.0,37.91,27.14,13.11,65.81,541.85,154.89,51.89,53.03,10.0,27.68,53.63,44.0,14.63,118.29,44.43,19.85,27.57,49.38,62.0,120.14,52.76,78.7,49.06,31.44,160.98,21.1,30.78,26.7,40.36,15.5,22.41,12.94,30.73,10.0,24.31,30.4,10.39,30.13,45.2,155.71,18.6,43.89,19.85,83.27,12.78,10.0,42.15,65.05,36.11,15.39,48.24,103.66,17.68,16.91,10.0,10.0,19.09,38.56,48.89,170.99,61.13,61.35,10.0,10.0,10.0,26.65,338.77,10.0
0,437.08,48.95,10.0,10.0,37.39,33.37,64.44,10.0,12.38,12.87,72.15,10.0,77.89,10.0,28.29,22.55,12.79,291.55,10.0,41.57,18.28,17.22,10.0,15.99,10.0,46.08,796.59,10.0,12.95,29.35,73.38,43.13,16.89,10.0,25.25,17.3,43.45,10.0,24.92,65.67,24.76,24.76,10.0,10.0,48.95,221.53,27.96,32.14,133.23,91.01,28.37,52.14,10.0,143.23,10.0,30.17,163.07,10.0,10.0,10.0,260.72,10.0,88.63,258.92,102.98,10.0,10.0,11.31,58.54,15.0,10.0,12.63,11.23,10.0,11.23,10.0,36.57,44.44,16.4,10.0,12.46,10.0,10.0,10.0,10.0,16.81,12.46,10.0,10.0,101.17,29.93,224.32,56.57,48.21,10.0,27.3,10.0,41.08,42.72,10.0,41.9,12.71,33.04,10.0,18.61,10.0,75.1,12.95,26.15,17.38,47.8,11.23,14.35,306.8,39.6,85.43,134.05,106.09,32.39,15.66,10.0,122.49,10.0,123.06,10.0,195.05,10.0,51.41,20.83,10.0,23.86,35.42,10.0,10.0,19.76,55.34,10.0,14.02,12.87,285.56,10.0,102.16,146.76,35.5,159.06,44.85,10.0,10.0,52.39,32.06,10.0,10.0,19.1,25.01,80.43,75.92,10.0,18.86,150.61,37.22,30.91,487.91,35.75,119.78,264.9,11.07,329.18,69.12,37.22,51.98,33.45,118.55,10.0,10.0,38.86,10.0,55.1,12.46,10.0,10.0,10.0,10.0,26.4,46.08,10.0,10.0,911.21,11.81,35.42,10.0,14.92,176.03,49.6,49.36,11.89,72.81,44.93,49.19,93.71,40.83,49.11,42.39,90.19,33.94,10.0,10.0,10.0,10.0,44.68,74.77,10.0,10.0,49.6,10.0,35.17,12.95,10.0,70.43,12.38,237.93,13.69,14.18,120.93,10.0,19.43,10.0,50.59,33.21,232.19,385.1,80.92,64.2,12.79,52.72,10.0,41.9,37.3,96.17,109.13,32.96,38.78,36.32,10.0,148.07,10.0,27.63,30.17,10.0,28.45,10.0,130.36,10.0,67.8,39.85,15.41,126.18,10.0,10.0,114.95,35.09,16.23,44.27,90.02,216.04,92.24,10.0,37.71,10.0,66.9,46.49,10.0,81.0,36.48,10.0,49.6,455.28,18.04,10.0,10.0,10.0,25.42,10.0,70.35,10.0,351.4,10.0,18.78,33.94,55.42,21.48,206.36,86.58
0,127.92,10.0,49.72,10.0,32.02,42.2,60.64,10.0,10.0,10.0,519.95,10.0,164.07,17.26,41.09,19.85,24.35,45.44,17.63,10.77,20.95,18.66,40.28,37.62,43.23,33.79,362.3,18.81,10.0,45.15,72.3,39.54,250.24,54.0,10.0,10.0,10.0,23.16,10.0,47.58,47.14,23.16,10.0,10.0,228.1,169.16,10.85,332.49,142.68,10.4,26.48,22.21,10.0,20.29,10.0,28.48,49.87,25.23,49.28,10.0,44.93,12.47,55.4,18.81,24.79,31.8,31.72,42.2,34.6,15.2,17.71,56.58,328.51,24.86,10.0,35.41,13.8,10.62,249.35,30.54,117.0,27.0,10.0,54.15,53.34,86.76,10.0,10.0,10.85,831.19,10.0,12.39,11.73,19.33,11.21,39.69,10.0,53.56,49.58,45.96,39.99,10.0,11.29,19.26,117.74,124.68,49.43,15.49,30.54,106.67,23.24,21.25,31.5,151.16,55.7,23.68,10.0,10.0,10.7,10.0,27.0,31.72,10.0,32.02,164.0,151.01,11.58,52.67,62.12,26.56,31.65,17.41,23.76,58.87,13.94,18.15,24.42,10.0,14.46,231.57,176.83,52.38,46.62,10.0,131.24,46.48,37.55,15.79,50.98,21.62,20.14,10.0,81.96,14.98,26.48,13.28,14.31,10.0,10.0,39.32,10.0,116.41,16.45,162.3,11.58,10.0,277.68,28.99,26.71,12.62,18.15,83.44,37.33,16.6,10.92,21.62,70.75,26.19,31.28,10.0,378.01,10.0,10.0,111.91,20.58,10.0,19.4,10.0,10.0,10.0,32.83,500.54,36.08,18.59,10.0,70.9,24.05,16.3,40.35,14.24,161.19,10.0,13.5,187.75,19.26,23.83,11.8,51.35,30.84,10.0,99.3,12.25,30.1,16.97,139.95,23.39,10.0,138.18,10.0,14.39,41.17,10.0,75.4,10.0,17.41,10.0,35.63,38.29,165.69,39.62,127.7,30.25,17.34,11.8,10.0,22.28,38.07,15.71,50.02,23.61,10.0,71.04,44.12,222.35,23.31,30.25,71.56,10.0,158.91,10.0,15.49,194.54,38.66,58.87,15.35,10.0,53.63,10.0,10.0,17.78,10.0,17.19,14.9,73.7,10.0,10.0,54.52,64.77,41.98,22.43,82.18,28.92,22.72,10.0,12.98,56.21,12.17,15.35,21.54,96.72,12.62,23.16,44.93,60.42,91.99,46.48,10.0,10.0,13.5,23.53,131.39,112.95
0,81.3,46.05,685.82,10.0,10.0,26.49,45.98,10.0,124.9,13.18,135.77,10.0,20.78,10.0,10.0,16.64,10.66,40.0,10.0,10.0,11.21,10.0,10.0,29.2,10.0,10.0,209.32,31.72,10.0,45.3,167.48,10.0,15.49,10.0,11.21,10.0,29.75,10.0,10.0,10.0,28.8,10.0,10.0,10.0,25.88,28.87,10.0,150.16,85.17,10.87,10.87,12.84,10.0,10.0,10.0,10.0,20.38,10.0,10.0,10.0,35.66,10.0,36.68,10.0,19.56,10.0,10.0,10.0,32.94,10.0,10.0,33.89,30.22,10.0,13.86,10.0,13.11,28.87,10.0,10.0,20.58,52.64,10.0,10.0,10.0,17.59,10.39,10.0,29.07,168.09,62.69,10.0,34.16,10.0,15.69,16.3,10.0,20.04,10.0,99.23,81.02,21.94,13.65,10.0,82.59,10.0,10.0,14.67,22.68,10.0,10.0,10.0,10.0,59.63,10.0,81.7,10.0,117.36,28.73,10.0,10.0,46.39,10.0,10.0,10.0,31.38,10.0,10.0,10.0,10.0,21.05,10.0,10.0,10.0,20.85,10.0,11.14,10.0,10.0,73.83,10.0,156.0,140.11,161.51,685.14,41.36,12.63,55.42,121.98,10.0,10.0,10.0,24.18,10.0,20.04,10.0,38.65,17.12,10.0,30.02,10.0,139.16,26.69,99.09,10.0,10.0,176.79,33.14,35.45,10.0,17.25,40.41,10.0,10.0,10.0,10.0,135.83,123.2,192.27,10.0,10.0,10.0,10.0,45.3,73.55,10.0,10.0,16.91,67.1,10.0,10.0,15.96,23.23,10.0,10.0,19.76,23.7,49.44,10.0,10.0,80.55,15.69,10.73,64.79,27.85,10.0,63.71,13.92,10.0,11.55,10.0,39.94,15.96,10.0,165.78,10.6,10.0,46.86,10.0,22.35,10.0,10.0,20.31,10.0,23.91,10.0,20.17,18.07,94.81,32.33,33.69,18.34,10.0,12.84,14.6,15.08,10.0,10.0,19.83,10.0,10.0,48.36,132.03,10.0,10.0,65.68,32.06,10.0,165.99,72.47,10.0,10.0,78.58,10.0,10.0,10.0,15.08,10.0,10.0,10.0,96.65,10.0,10.0,62.89,10.0,10.0,10.0,12.43,35.72,10.0,10.0,57.39,10.0,10.0,21.73,28.25,10.0,32.4,10.0,13.65,10.0,10.0,55.28,46.05,94.06,10.0,14.53,33.48,24.25,10.0,94.81,415.92
0,250.45,49.72,12.36,10.0,12.04,18.41,140.79,10.0,65.7,14.15,316.65,10.0,293.72,17.49,10.0,70.28,32.0,145.1,36.03,11.86,14.42,42.35,54.94,22.02,17.95,10.0,1354.4,93.45,10.0,12.41,35.62,36.35,71.11,38.87,15.89,29.21,95.83,40.15,19.83,174.35,10.0,51.42,23.9,15.11,555.29,342.98,30.26,215.24,113.14,12.13,14.84,22.16,47.98,39.19,39.61,16.44,16.21,10.0,98.12,10.0,15.66,51.37,184.65,69.73,44.78,15.98,38.41,34.39,301.18,10.0,33.06,52.1,124.31,18.77,10.0,10.0,28.94,20.6,134.56,17.72,68.18,10.0,16.85,14.47,45.69,186.67,10.0,80.45,18.96,848.32,10.0,31.55,41.3,85.12,21.75,10.44,10.0,467.75,37.68,36.13,36.9,10.0,37.18,37.09,42.17,953.9,50.82,10.0,40.02,78.25,100.5,30.86,10.0,139.19,91.02,31.82,32.97,10.0,37.91,24.91,32.69,33.65,19.69,20.24,164.87,396.78,13.69,84.75,153.7,23.72,10.0,10.0,120.87,33.84,50.14,10.0,46.2,73.58,16.99,510.28,333.09,75.46,71.88,10.0,253.74,48.17,18.36,10.0,65.84,10.0,81.41,10.0,303.56,14.24,68.5,17.35,17.44,20.74,10.0,47.89,11.36,84.61,49.72,154.16,30.17,13.97,851.89,18.04,126.28,33.15,22.34,304.66,36.95,67.72,27.33,19.78,10.0,130.54,10.0,15.43,950.83,10.0,35.03,214.37,80.17,95.83,10.0,35.39,50.14,10.0,26.05,90.15,10.0,38.05,24.27,34.75,114.92,44.96,20.92,12.73,229.8,10.53,89.65,113.23,15.06,10.0,20.05,17.9,91.76,13.23,134.75,24.04,10.0,10.0,341.79,31.68,26.6,29.81,10.0,184.88,10.0,10.0,36.81,104.99,27.75,42.4,19.96,66.53,712.79,704.87,27.38,10.0,24.82,10.0,10.0,26.6,24.04,115.38,67.26,18.04,16.71,67.35,29.67,281.72,52.24,35.07,16.71,42.35,201.41,10.0,28.98,92.81,10.0,43.68,19.14,40.66,26.37,35.39,13.87,31.64,60.12,10.0,27.06,96.2,15.43,44.69,201.82,70.19,28.71,31.87,46.84,26.37,22.12,10.0,17.86,99.77,58.19,17.03,10.0,63.92,24.68,19.78,57.1,37.96,10.0,51.97,19.83,20.15,10.0,10.0,694.07,400.44
0,304.12,39.37,10.0,10.0,18.27,18.34,52.31,18.65,10.0,19.28,598.44,10.0,218.97,14.19,26.19,64.3,23.61,153.98,15.95,10.0,10.86,16.08,26.12,47.35,23.67,10.86,1036.9,55.45,10.0,13.75,26.25,10.0,42.01,25.31,11.49,10.0,85.78,14.88,28.51,153.72,14.0,45.59,23.67,13.69,439.57,241.07,42.2,316.99,136.83,22.04,12.69,43.08,43.96,46.34,10.0,15.26,99.41,15.26,10.0,10.0,35.98,12.18,106.25,86.72,122.83,16.7,33.53,11.87,218.59,10.0,38.37,22.54,159.75,10.0,13.63,10.0,13.06,31.52,88.42,28.64,45.59,10.0,19.15,10.0,46.03,77.55,10.0,27.88,10.0,1083.0,10.0,73.53,41.63,61.54,10.8,12.87,10.0,28.76,10.0,57.9,22.29,10.0,24.05,23.93,10.0,460.48,81.82,17.83,18.34,110.65,122.51,25.68,10.49,113.97,54.76,23.74,29.2,10.0,10.0,16.58,11.05,10.0,10.0,18.71,114.04,227.45,10.0,49.86,104.81,10.0,13.25,10.0,12.81,27.94,10.36,10.05,26.69,13.38,13.44,316.05,233.73,56.58,81.76,10.0,44.84,37.74,10.0,10.0,10.0,10.55,112.78,46.85,264.75,17.46,60.79,15.83,49.48,10.0,19.28,33.09,10.0,82.45,105.81,63.3,45.9,10.0,866.39,10.0,114.67,21.04,28.95,254.76,44.02,17.02,37.74,10.0,40.44,22.29,19.28,10.0,611.25,10.0,15.26,147.57,101.23,10.0,10.0,28.76,33.09,10.0,10.11,92.25,10.0,23.8,10.0,30.58,26.75,15.32,13.94,24.87,108.07,10.0,44.46,66.31,10.0,10.0,15.83,20.6,68.32,32.4,31.59,35.42,22.36,10.0,473.67,10.0,17.02,34.41,12.37,81.2,10.0,10.0,111.34,10.0,15.39,19.97,11.12,52.62,607.68,317.06,27.32,22.92,28.45,16.2,10.0,22.1,10.0,173.32,85.28,19.34,10.61,25.18,24.49,204.02,31.15,23.36,18.78,16.26,288.92,11.68,10.11,59.34,10.0,35.98,23.42,49.48,16.96,34.79,20.16,19.78,94.51,10.17,44.52,55.26,10.0,11.18,97.27,39.37,17.77,19.47,36.17,10.0,16.08,15.83,17.71,72.34,14.95,30.08,10.0,42.89,14.51,10.0,42.51,34.54,84.46,22.67,10.0,23.05,12.94,18.53,220.79,385.06
0,242.01,16.04,32.62,14.13,10.0,26.4,58.59,54.71,13.07,22.3,745.43,10.0,270.03,14.75,37.41,60.21,12.41,171.88,10.85,58.75,10.0,26.27,35.4,42.11,12.24,46.05,983.34,18.99,18.39,17.27,33.94,10.0,127.66,34.3,36.42,26.53,199.41,24.65,19.91,70.99,11.12,37.94,30.33,36.19,1114.0,316.97,71.16,188.32,47.01,19.25,18.26,16.18,69.93,59.48,10.0,50.08,11.35,33.15,133.08,26.13,43.4,20.28,160.57,51.77,43.37,21.77,10.0,46.15,304.63,12.6,72.68,29.87,126.93,23.49,28.18,56.1,57.36,10.42,111.02,14.09,30.37,12.77,60.97,41.28,57.23,63.94,10.59,10.0,43.27,2000.7,23.82,36.95,10.0,177.74,14.26,70.39,10.69,16.04,10.0,68.48,28.52,21.83,36.36,37.35,16.77,295.14,71.12,15.61,16.31,24.35,54.12,32.72,12.64,252.93,47.01,21.27,23.49,10.0,10.0,10.0,27.52,28.85,34.5,17.63,111.28,280.16,88.16,57.23,88.19,31.1,11.35,11.81,23.79,37.48,18.96,33.08,24.71,20.61,10.0,320.02,110.09,39.76,38.9,14.09,388.13,46.81,10.0,10.0,12.37,40.19,102.85,38.9,392.3,10.0,50.61,15.95,91.3,32.02,80.62,80.25,12.41,143.4,135.5,255.78,28.32,15.75,1155.6,23.88,137.18,21.5,26.83,262.72,14.75,61.33,34.6,21.14,32.78,47.01,148.4,29.94,817.84,10.0,26.4,225.77,309.89,10.0,10.0,60.21,12.5,10.0,16.84,85.81,10.0,67.75,10.0,64.28,36.22,17.3,34.47,58.68,445.75,26.23,152.3,169.11,10.0,55.54,10.72,44.56,71.92,10.0,12.41,26.27,52.53,18.13,630.84,23.45,10.0,75.29,10.0,209.93,10.0,10.0,131.69,10.0,21.14,15.38,10.0,21.37,844.67,789.52,33.97,10.0,23.26,14.69,10.0,35.43,35.53,299.31,66.69,19.48,20.71,22.99,38.34,287.4,39.93,20.87,57.89,66.69,118.1,15.75,38.67,72.84,34.14,43.53,49.32,42.97,19.09,33.74,25.51,18.86,88.92,10.39,47.57,66.72,13.2,19.88,187.4,78.1,25.11,86.41,56.4,35.63,22.0,10.0,10.0,40.66,29.34,16.74,22.1,121.37,42.74,21.7,55.58,37.68,55.01,40.06,62.65,16.67,10.0,10.0,273.94,574.2
0,192.78,54.79,77.2,10.0,10.0,10.0,28.49,40.13,64.25,16.02,451.21,10.0,86.87,15.84,10.0,46.13,10.0,156.94,10.0,78.16,11.25,10.0,77.77,101.66,10.0,22.01,420.05,24.9,10.0,25.03,69.76,10.0,250.59,28.1,26.26,10.0,115.32,19.34,49.15,84.95,25.91,58.08,21.93,12.95,105.91,131.86,42.1,190.46,219.35,23.85,21.23,24.86,41.93,44.46,10.0,33.31,10.0,15.62,37.11,10.0,278.03,10.0,118.16,14.97,41.31,12.69,10.0,10.0,233.74,11.82,30.37,38.29,80.7,13.87,12.21,10.0,27.7,41.1,25.25,39.39,22.28,17.29,10.0,47.83,63.24,27.44,10.77,14.18,32.82,826.14,16.37,95.23,31.86,102.19,10.0,15.41,11.64,17.29,10.0,221.05,36.24,22.54,36.5,35.71,18.69,34.27,21.84,23.46,30.72,17.29,47.05,10.0,18.99,197.77,32.43,24.11,23.33,82.71,10.0,13.44,10.0,41.75,10.0,17.29,16.89,122.63,43.41,52.82,122.98,10.0,11.51,10.0,10.0,53.7,23.98,28.62,183.02,10.0,10.0,163.85,20.04,87.88,163.94,10.0,80.88,43.68,10.0,10.0,48.18,24.55,26.08,10.0,79.87,10.72,43.81,14.14,63.9,20.48,26.83,66.61,22.58,179.0,103.85,203.29,68.1,10.0,814.8,28.75,106.17,32.56,38.51,95.98,37.16,18.43,45.6,13.61,40.7,60.79,38.34,10.0,313.18,10.0,10.0,92.61,133.13,10.0,10.0,15.62,10.0,10.0,11.95,114.57,10.0,38.6,14.44,41.27,10.0,30.24,56.76,74.36,144.51,20.18,45.34,120.44,10.0,10.0,16.89,19.61,27.18,13.87,17.37,51.47,60.79,10.0,74.36,23.02,10.0,37.81,10.0,93.31,10.0,10.0,70.02,325.17,30.33,10.0,10.0,26.87,613.58,419.66,69.24,10.0,32.78,61.27,13.61,29.28,26.04,398.52,123.07,11.12,13.65,36.06,35.14,56.15,19.52,22.36,52.34,23.94,101.14,31.77,25.08,18.6,41.58,10.0,11.6,69.8,17.64,39.43,49.15,18.47,115.54,10.0,68.67,108.97,13.09,10.0,10.0,31.03,15.54,19.08,12.56,33.0,12.69,14.49,19.39,80.22,27.13,29.72,10.0,10.0,10.68,20.13,79.74,81.58,91.42,38.08,28.01,10.0,11.47,10.0,137.46,391.91
0,149.66,54.64,12.26,18.86,35.28,10.0,76.55,10.0,10.0,11.32,391.41,10.0,97.96,13.04,26.46,51.31,31.95,170.35,12.76,29.35,10.0,18.47,17.03,64.13,10.0,10.0,701.94,19.03,10.0,10.0,41.11,28.12,253.23,13.04,10.82,18.25,56.47,21.02,12.09,83.6,15.26,36.78,63.46,10.0,113.77,314.42,38.89,504.52,36.56,24.63,11.71,15.53,84.43,10.0,10.0,34.78,36.67,33.89,57.64,31.29,13.09,10.0,141.68,29.51,50.48,10.0,10.0,47.93,277.53,10.0,13.42,24.19,119.93,10.32,10.0,10.0,18.08,26.63,128.42,68.51,11.09,12.65,33.73,10.0,47.71,48.82,10.0,10.0,10.87,1323.5,10.0,59.08,20.86,84.98,10.0,14.92,10.0,21.25,42.16,100.9,25.91,10.0,25.46,24.13,10.48,195.26,68.23,11.37,10.0,12.37,86.7,10.0,14.76,36.0,48.26,10.0,16.09,10.0,20.08,10.0,21.47,10.0,10.0,15.59,11.15,296.83,37.44,84.1,123.37,10.0,13.76,10.0,23.35,10.0,10.0,10.0,35.39,21.8,10.0,410.99,47.6,32.06,58.52,10.0,237.42,31.29,10.0,10.0,56.58,10.0,32.67,11.65,201.64,16.14,34.73,10.48,41.38,10.0,10.0,80.43,10.0,78.94,43.49,89.81,45.65,12.81,1475.5,36.0,93.42,20.19,38.22,311.2,10.0,27.74,29.35,10.0,10.0,77.0,10.0,10.0,1024.3,10.0,10.0,122.82,48.48,10.0,10.0,10.0,23.08,10.0,14.76,120.37,11.09,10.0,10.0,12.32,23.02,17.2,17.2,17.97,219.23,19.42,91.47,67.84,10.0,10.0,10.0,10.0,31.73,10.0,21.58,30.62,18.58,10.0,842.23,10.0,14.42,70.78,10.0,59.97,10.0,10.0,86.93,10.0,10.0,10.71,13.42,26.18,635.88,473.95,114.94,10.0,57.52,10.0,10.0,15.81,27.51,246.96,79.27,15.2,10.0,10.0,17.42,176.12,40.22,48.21,12.2,21.58,98.63,10.0,10.93,10.0,10.0,41.83,21.19,37.5,17.42,35.61,21.47,10.0,27.02,10.71,47.21,28.18,10.0,10.0,171.02,25.18,22.52,17.31,18.31,12.93,10.0,10.0,18.14,59.36,12.26,21.47,10.0,66.51,12.59,10.93,48.15,15.37,105.56,21.86,21.69,10.0,10.0,10.65,303.88,424.47
0,191.75,14.77,62.39,47.97,10.0,32.62,45.35,20.64,10.0,13.95,523.21,10.0,256.34,23.26,10.0,39.94,24.88,123.26,47.15,10.0,10.0,17.91,73.84,41.98,33.14,40.64,991.19,19.3,10.0,18.31,129.19,10.0,111.11,54.94,30.64,27.5,127.33,32.5,24.3,218.44,30.64,67.56,45.87,15.18,276.93,297.91,22.5,110.18,168.38,10.0,10.99,176.98,69.3,39.59,10.0,13.61,69.83,52.73,19.42,10.0,65.7,16.92,137.5,49.59,300.07,17.04,36.57,10.0,141.81,10.0,148.67,16.22,136.92,25.18,12.79,35.87,28.9,10.0,34.89,46.75,22.38,10.0,69.07,14.13,86.98,78.78,10.0,25.7,41.22,451.06,12.97,20.18,35.41,57.27,17.09,39.65,61.98,10.76,16.05,139.25,38.37,10.0,37.91,31.16,10.0,387.34,39.42,24.88,22.15,22.91,43.37,10.0,10.0,105.76,37.27,30.0,10.0,72.68,10.0,70.18,24.71,39.42,10.0,10.0,47.73,293.79,10.06,96.57,89.83,11.16,46.75,10.0,10.0,37.09,10.0,27.33,96.75,10.0,14.07,387.68,109.42,40.99,288.15,10.0,193.49,58.49,10.87,10.0,10.29,37.79,78.43,10.0,332.68,10.0,42.56,17.79,16.51,10.0,43.66,80.12,28.08,165.18,158.72,68.9,17.15,28.72,1183.9,18.43,76.75,13.61,44.48,93.14,31.05,56.46,34.13,10.0,50.47,82.21,106.8,21.22,952.35,10.0,10.0,73.2,179.02,10.0,10.0,61.8,25.82,10.0,10.0,126.51,10.0,30.23,10.0,55.12,28.2,15.52,16.57,47.27,467.16,30.82,208.67,46.69,27.5,35.41,17.85,31.75,64.48,61.16,15.47,95.64,15.93,15.58,56.63,11.05,21.86,23.72,10.58,135.29,10.0,10.0,82.56,196.57,14.88,23.43,32.85,86.22,384.89,476.47,106.51,27.62,41.75,19.88,48.32,17.91,10.0,109.07,128.26,29.42,12.21,24.77,44.77,278.32,63.08,24.19,49.19,27.85,228.61,10.0,25.93,23.55,10.0,33.49,102.15,10.06,43.49,31.4,39.89,41.57,77.39,24.01,41.75,137.62,11.34,36.92,219.42,61.57,19.71,44.25,35.18,17.85,14.59,10.0,11.86,49.42,26.4,42.85,18.9,10.0,11.69,20.64,10.0,104.6,116.51,88.2,26.92,24.19,10.0,16.34,484.95,253.96
0,198.89,65.85,279.36,10.0,28.28,59.77,145.31,21.09,66.93,21.98,127.05,10.0,191.93,33.19,10.0,46.08,25.22,44.34,20.85,27.12,36.95,10.0,10.0,58.69,40.82,87.63,372.64,26.31,25.5,48.17,93.32,55.56,62.91,60.97,24.8,21.63,83.72,28.59,12.23,81.44,46.43,55.36,54.9,17.64,52.93,139.74,29.21,168.1,153.28,10.18,37.02,19.96,26.35,39.93,10.0,23.1,10.0,10.0,10.0,35.94,48.9,18.45,65.92,10.0,37.33,45.07,35.98,28.4,83.99,10.0,42.98,58.11,47.82,10.0,26.58,23.68,32.23,46.46,139.66,61.78,83.72,10.0,15.94,43.25,13.31,116.45,56.72,41.59,17.87,261.57,44.18,10.0,16.87,17.68,10.0,22.94,13.77,23.02,16.56,236.19,38.26,31.88,25.07,23.33,449.2,10.0,26.08,27.04,80.28,16.02,60.2,14.47,27.47,272.36,18.76,19.77,14.04,166.05,10.0,10.0,10.0,37.57,10.0,17.76,157.3,90.18,10.0,24.53,10.0,14.62,38.15,21.94,21.39,17.53,40.08,32.5,26.85,28.05,10.68,170.42,306.41,123.57,217.15,10.0,393.53,10.0,36.29,11.41,70.1,35.32,10.0,10.0,232.13,10.0,43.37,15.67,15.79,16.64,29.79,73.58,61.71,202.92,37.02,284.74,10.0,12.69,546.81,23.6,67.82,20.62,65.42,59.62,12.96,10.33,35.63,107.98,10.0,155.76,398.6,10.0,101.32,16.25,20.54,39.69,20.62,10.0,10.0,15.59,52.58,27.89,24.34,74.98,38.84,43.29,12.42,79.31,10.0,94.59,40.93,14.55,81.13,39.66,84.15,213.01,25.3,57.3,121.67,53.66,15.2,10.0,90.22,78.23,10.0,10.0,182.92,27.97,10.0,171.77,20.62,21.9,17.49,10.79,10.0,10.0,79.74,29.75,10.0,25.73,204.74,88.71,37.1,56.64,10.0,30.8,25.11,35.21,36.83,10.0,87.78,12.34,33.54,188.29,136.72,12.15,38.22,77.65,57.3,32.73,213.01,41.24,56.91,98.11,71.8,58.38,10.41,10.0,79.31,10.0,25.65,10.0,88.05,10.0,10.0,95.91,14.47,10.0,10.0,22.63,72.5,21.36,15.44,19.69,50.64,46.85,10.0,30.76,27.2,41.01,27.78,10.0,37.14,17.8,10.0,153.2,57.8,31.49,22.67,12.65,10.0,22.86,97.76,234.33
