1063_s_at,1346_at,1511_at,1517_at,1537_at,1731_at,1737_s_at,1751_g_at,1752_at,1771_s_at,183_at,1942_s_at,1968_g_at,2075_s_at,2089_s_at,280_g_at,31330_at,31555_at,31692_at,31719_at,31720_s_at,31745_at,31904_at,31990_at,32002_at,32062_at,32100_r_at,32154_at,32238_at,32607_at,32623_at,32749_s_at,32786_at,33131_at,33158_at,33226_at,33242_at,33266_at,33274_f_at,33293_at,33303_at,33436_at,33764_at,33782_r_at,33813_at,33925_at,34088_at,34390_at,34407_at,34715_at,34722_at,35147_at,35174_i_at,35474_s_at,35670_at,35817_at,35897_r_at,35917_at,36018_at,36134_at,36148_at,36155_at,36156_at,36197_at,36364_at,36491_at,36617_at,36618_g_at,36678_at,36736_f_at,36823_at,36958_at,37149_s_at,37183_at,37191_at,37209_g_at,37344_at,37351_at,37360_at,37516_at,37985_at,38052_at,38079_at,38118_at,38174_at,38194_s_at,38406_f_at,38407_r_at,38524_at,38551_at,38752_r_at,38833_at,38855_s_at,39014_at,39026_r_at,39182_at,39322_at,39333_at,39338_at,39531_at,39542_at,39593_at,39657_at,39681_at,39720_g_at,40042_r_at,40075_at,40078_at,40422_at,40483_at,40543_at,40544_g_at,40619_at,40624_at,40767_at,40793_s_at,40839_at,41082_at,41098_at,41158_at,41164_at,41165_g_at,41202_s_at,41209_at,41214_at,41318_g_at,41401_at,41528_at,41624_r_at,41723_s_at,41870_at,41871_at,425_at,459_s_at,769_s_at,836_at,841_at,915_at,AFFX-HUMISGF3A/M97935_MA_at,AFFX-M27830_5_at,label
69.3,249.7,10.0,74.9,169.2,10.0,623.5,81.0,101.9,19.7,10.0,100.0,16.3,67.9,180.6,1042.2,824.3,48.4,10.0,1424.3,1851.5,77.2,10.0,76.3,226.7,35.9,119.7,250.8,44.2,11.5,78.5,968.9,30.9,60.6,15.2,18.1,10.0,133.1,10.0,10.0,10.0,13.1,15.8,129.3,137.8,10.0,59.3,241.3,10.0,40.8,64.2,10.0,10.0,51.2,10.0,219.4,10.0,98.7,303.8,113.5,60.8,44.1,385.3,200.7,10.0,10.0,156.7,59.1,909.7,10.0,19.9,508.0,10.0,10.0,33.0,10.0,25.7,272.0,266.8,10.0,42.8,10.0,82.9,255.6,10.0,10.0,63.6,10.0,91.3,464.1,294.0,109.2,79.2,134.0,32.7,168.6,36.9,377.5,558.1,52.2,310.9,780.8,10.0,10.0,85.1,36.1,10.8,93.8,1163.3,10.0,10.0,10.0,228.0,10.0,16.5,10.0,20.3,10.0,36.1,521.9,10.0,10.0,16.6,104.0,141.7,16.2,49.7,90.8,122.8,41.4,10.0,17.8,10.0,10.0,3039.3,25.9,10.0,10.0,18.6,129.8,1
383.86,2467.7,349.62,10.0,97.34,10.0,65.73,262.25,28.73,39.36,109.94,29.65,31.62,24.53,19.02,88.95,538.14,121.09,205.97,54.44,59.82,107.97,356.97,43.29,10.0,23.35,10.0,10.0,226.83,1339.8,1140.2,158.74,188.52,10.0,53.92,51.43,87.24,10.0,10.0,1241.7,23.22,62.58,724.95,302.52,54.84,3610.7,10.0,25.45,80.94,10.0,56.94,269.46,986.29,10.0,1290.0,1256.3,10.0,2482.6,59.17,668.02,1455.9,1173.6,117.28,20.99,50.51,10.0,205.71,88.55,181.83,41.98,552.97,81.86,10.0,417.58,2382.0,29.65,16.66,62.32,558.48,541.95,10.0,10.0,10.0,96.56,873.2,10.0,2873.1,1526.5,10.0,445.78,936.04,138.01,1467.1,36.34,871.1,45.92,10.0,10.0,34.24,314.46,2795.7,10.0,151.26,222.1,97.08,339.13,1051.9,10.0,69.14,105.35,33.85,61.4,109.67,54.71,10.0,91.31,168.05,40.8,125.29,857.72,10.0,13.25,68.48,61.0,10.0,121.09,35.03,273.14,10.0,72.15,10.0,19.29,59.56,317.22,247.03,76.09,20.2,128.3,58.38,85.01,1
65.74,806.06,12.73,92.36,673.89,91.13,391.6,161.32,574.4,341.05,42.11,151.88,19.25,24.62,26.16,82.23,1501.9,10.0,208.88,1129.2,1610.9,48.86,31.6,19.1,46.49,157.33,153.57,10.0,50.71,59.22,261.35,1807.3,275.85,363.99,141.07,106.09,10.0,86.99,10.0,114.37,20.87,694.83,13.65,179.88,139.46,25.93,96.19,27.23,80.85,129.72,190.47,90.82,168.68,1067.7,26.62,11.05,119.28,239.64,12.81,128.72,372.96,517.79,1416.7,1131.6,38.51,50.86,520.86,211.49,702.58,21.86,33.52,684.79,422.06,109.77,41.27,25.62,116.52,50.78,139.99,10.0,182.8,133.55,91.36,441.31,22.63,10.0,134.47,12.12,36.21,16.19,32.6,525.15,40.5,552.31,281.14,346.65,109.54,952.96,312.44,36.67,684.09,21.02,12.5,73.03,126.19,143.37,16.8,116.21,1265.4,274.85,74.41,175.43,444.91,211.1,35.98,92.9,67.2,80.32,59.91,73.56,10.0,10.0,275.46,590.43,10.0,26.08,74.03,123.04,303.08,252.6,275.08,498.92,10.0,50.02,1880.0,46.26,83.0,16.26,77.02,10.0,1
32.91,372.17,28.26,25.84,208.4,433.24,56.14,194.73,302.18,42.01,39.6,218.99,40.99,10.0,35.97,60.05,1727.0,33.74,71.01,179.77,240.84,52.05,73.25,18.31,19.8,169.54,186.55,88.95,83.28,936.01,749.74,746.67,160.8,1095.1,233.21,207.37,454.25,259.52,317.98,173.63,22.49,956.74,114.14,164.8,96.02,119.35,66.93,10.0,23.61,369.57,119.81,390.86,86.91,10.0,349.31,69.71,10.0,228.47,16.82,92.39,268.16,521.55,617.75,19.89,36.44,532.7,353.31,137.29,89.51,66.0,95.37,312.78,10.0,151.32,94.25,61.26,102.52,10.0,171.96,10.0,500.63,10.41,10.0,107.36,86.91,255.15,405.92,62.46,69.53,34.76,329.88,689.6,48.15,50.01,138.87,10.0,144.63,32.81,47.96,72.78,850.5,10.0,19.33,161.73,151.51,10.0,71.29,10.0,634.2,345.96,74.08,224.01,755.97,1048.3,21.01,27.7,213.04,83.01,155.88,247.25,48.89,21.66,343.45,255.15,418.46,30.95,174.75,232.93,277.83,229.5,10.0,26.31,10.0,97.23,233.49,28.35,378.59,105.59,76.13,10.0,1
257.13,1654.2,165.1,10.0,48.98,204.89,14.9,170.2,40.2,35.31,99.38,29.39,24.29,57.35,54.28,30.2,421.01,52.65,51.22,44.08,90.0,83.47,412.03,105.91,10.0,236.32,122.44,10.0,174.89,1154.9,1575.3,179.18,58.37,96.94,125.3,10.0,53.26,48.37,10.0,750.99,47.96,114.49,262.03,24.08,38.16,1973.8,118.98,13.47,43.88,10.0,102.24,247.13,766.71,10.0,752.01,2373.8,77.55,2025.2,134.28,525.08,1454.8,1282.2,514.06,17.75,78.57,13.06,222.65,88.77,158.97,10.0,419.37,25.51,10.0,370.6,1735.4,18.98,42.86,10.0,352.44,919.36,10.0,10.0,10.0,97.96,842.22,10.0,3038.7,1345.3,10.0,293.05,550.18,250.6,659.16,46.33,473.66,44.69,30.61,10.0,44.9,118.57,2608.9,10.0,90.61,107.96,104.89,50.61,626.71,10.0,38.37,114.89,27.14,112.85,68.16,305.7,21.63,90.81,186.73,83.06,331.21,2513.4,10.0,10.0,56.12,92.85,181.63,78.77,18.16,248.97,306.32,64.69,10.0,28.98,32.65,435.9,520.39,15.1,83.88,62.86,39.18,25.71,1
18.63,628.55,40.18,10.41,87.44,85.88,260.77,141.05,255.15,106.49,10.0,124.29,10.0,32.79,15.82,81.09,722.76,27.17,234.43,1129.6,1738.4,61.0,89.21,10.0,39.25,33.1,148.55,10.0,74.33,195.91,323.12,2352.0,547.46,94.73,75.58,39.35,24.78,17.91,989.36,149.59,38.93,124.81,10.0,10.0,247.76,90.25,11.35,101.08,102.95,10.0,84.95,48.82,122.32,447.0,28.42,1499.2,10.0,492.28,91.71,110.24,435.13,670.09,240.57,1434.7,15.62,10.0,1194.7,652.39,880.05,54.13,33.21,503.94,2605.8,35.39,138.76,77.14,143.24,224.75,222.04,74.85,25.71,899.83,124.09,592.32,67.35,260.98,1265.8,417.13,33.42,46.85,146.47,608.25,60.17,354.87,122.52,486.14,10.0,377.46,447.83,160.42,240.16,26.86,62.15,67.66,98.06,10.0,70.48,180.4,254.52,24.26,10.0,10.0,125.34,99.52,31.85,139.39,58.09,43.2,194.04,1474.9,3775.9,2185.7,221.94,92.65,170.2,10.0,49.55,124.5,196.85,519.14,300.12,448.56,60.48,222.36,2538.7,21.65,36.64,61.63,141.57,10.0,1
150.38,3126.6,50.85,10.0,356.98,115.72,143.91,53.34,81.15,143.83,31.31,141.42,12.54,10.0,18.46,103.49,1327.1,11.92,201.46,944.07,958.48,12.07,10.0,31.15,13.16,200.76,156.37,34.5,58.56,165.25,708.03,1013.8,327.62,89.95,78.65,53.42,28.81,55.37,10.0,99.06,70.4,375.43,114.16,128.26,241.25,10.0,124.21,32.55,368.19,38.16,49.14,56.23,205.51,10.0,10.0,143.68,10.0,200.45,12.85,72.89,363.52,520.43,878.65,889.71,38.16,10.0,280.35,123.82,608.51,76.47,10.0,400.35,94.15,23.05,16.59,83.09,211.9,78.42,124.21,10.0,52.25,102.4,63.94,793.3,29.75,14.72,1268.0,461.64,10.0,10.0,525.96,915.64,43.06,794.86,182.3,284.47,27.65,366.48,489.75,222.95,347.71,27.02,62.14,116.42,25.62,163.46,39.17,18.85,629.69,775.0,50.7,216.96,158.79,314.77,31.7,219.61,131.37,284.32,60.51,549.95,10.0,10.0,286.58,217.11,10.0,46.26,341.4,18.53,77.87,318.51,400.12,493.64,10.0,87.69,2353.0,71.88,114.01,44.54,16.12,27.33,1
26.67,1121.6,30.05,10.0,64.48,13.34,177.75,86.17,49.46,96.47,10.0,149.39,10.0,10.0,10.0,45.32,2012.6,25.57,146.6,926.2,1304.6,21.44,45.58,50.64,49.21,46.93,13.67,10.0,88.79,130.48,76.64,1561.8,365.96,96.47,68.87,73.09,10.0,34.94,10.0,112.42,22.45,147.7,18.57,253.45,216.23,10.0,11.56,103.98,160.36,27.43,22.87,10.0,21.1,705.33,10.0,20.17,10.0,229.14,10.0,26.59,546.57,479.56,61.7,1480.6,10.0,21.94,808.12,462.93,1060.8,30.38,11.99,857.5,10.0,10.0,17.64,12.49,230.07,311.27,209.14,10.0,19.33,601.68,85.33,764.15,27.85,10.0,564.55,31.23,47.43,10.0,627.68,717.82,10.0,904.26,128.03,349.25,13.08,446.47,427.65,164.66,642.96,16.29,90.48,112.59,69.55,53.0,24.9,221.3,1032.6,22.03,10.0,10.0,143.31,26.0,64.06,15.95,31.14,26.92,21.69,30.38,10.0,10.0,146.77,159.52,275.48,10.0,245.1,39.16,220.45,472.22,380.56,505.55,34.86,102.8,2820.3,12.32,15.53,31.99,66.09,10.0,1
26.94,1398.9,85.55,15.52,444.71,182.44,236.73,35.64,47.26,124.8,56.45,1938.7,23.88,32.71,48.17,38.0,1141.9,26.38,69.95,683.8,993.2,10.0,43.85,10.0,15.45,31.88,52.69,19.84,106.36,474.22,325.54,1102.4,25.55,360.63,385.82,68.49,28.68,75.38,10.0,137.82,61.95,216.47,310.09,189.54,155.29,10.0,10.0,14.27,57.15,83.6,42.25,77.12,225.94,31.32,134.13,238.12,10.0,320.32,168.51,122.44,389.23,521.76,1994.7,327.01,16.98,142.06,316.15,114.92,707.61,43.92,42.32,298.47,10.0,16.98,120.42,14.2,259.42,77.12,149.65,10.0,65.78,66.54,52.9,242.85,37.8,10.0,894.15,245.08,44.41,104.13,653.52,859.83,78.38,998.0,239.02,166.98,17.4,678.44,142.9,153.27,328.26,22.07,10.0,17.68,177.01,20.26,63.97,65.22,637.1,434.96,52.27,233.32,279.26,554.34,60.97,60.84,163.57,155.08,142.69,495.1,10.0,10.0,74.69,71.14,194.62,122.71,172.83,83.6,165.1,430.65,243.34,237.63,186.82,163.29,1332.5,36.61,206.31,37.03,55.62,10.0,1
199.35,958.45,235.77,40.81,10.0,1452.8,120.76,20.51,64.25,35.58,148.49,377.67,808.49,18.63,577.54,90.41,2723.1,60.38,10.0,350.25,550.85,20.51,115.63,16.85,50.13,34.22,61.32,66.55,122.33,734.82,1158.1,427.9,10.99,729.27,45.0,116.37,32.55,81.21,10.0,114.27,21.87,70.43,174.03,10.0,31.39,356.95,86.23,10.0,32.02,255.13,77.54,291.75,117.83,10.0,123.27,177.69,435.53,299.08,905.71,102.55,189.72,78.8,10.0,13.29,26.69,581.72,90.83,24.38,547.82,37.15,75.87,341.77,10.0,118.88,84.55,17.48,10.0,10.0,220.8,10.0,145.67,10.0,10.0,514.44,226.98,10.0,322.2,31.08,72.62,45.52,950.08,61.95,64.88,82.98,137.29,10.0,82.25,124.0,41.44,59.54,1496.6,10.0,10.0,14.55,10.0,101.4,139.28,10.0,172.98,933.12,139.81,565.09,263.08,1604.3,38.51,13.19,420.57,150.27,34.85,475.51,10.0,10.0,201.55,48.03,10.0,138.13,58.81,105.48,288.19,46.78,10.0,27.94,10.0,198.3,406.86,46.78,588.94,13.71,60.38,10.0,1
151.78,2866.5,10.0,85.46,2057.1,69.87,80.96,174.99,102.95,42.25,44.25,180.62,10.0,10.0,14.63,39.66,1510.8,21.39,80.44,493.88,589.12,10.0,15.33,63.21,10.0,203.13,87.71,45.72,14.11,66.84,436.65,1181.5,104.85,151.44,21.82,61.91,25.02,135.77,10.0,143.9,10.13,623.76,10.0,204.25,89.7,51.0,113.86,10.0,87.71,102.86,55.24,78.97,40.18,10.0,14.29,13.77,110.66,278.63,15.15,55.59,137.32,285.3,238.8,362.36,47.02,101.3,117.5,34.98,704.8,40.35,23.12,744.54,10.0,398.12,42.25,24.5,169.1,43.38,305.04,10.0,90.91,27.71,58.27,120.01,49.7,10.0,84.85,10.0,95.59,23.81,819.87,630.86,30.22,538.47,62.43,427.38,90.83,159.06,376.64,103.12,628.43,10.0,10.0,123.21,25.02,10.0,10.0,11.0,805.5,617.0,70.57,295.43,330.58,368.94,10.0,148.06,299.06,191.96,21.47,94.9,10.0,10.0,223.91,482.71,284.86,23.98,195.51,62.86,203.82,322.18,150.14,218.28,303.22,102.43,1627.1,39.05,159.32,183.13,158.62,10.0,1
29.99,840.82,70.96,49.74,274.0,272.96,72.32,293.13,53.61,139.2,44.2,1738.7,18.5,54.97,28.95,31.25,1502.8,73.36,98.34,497.32,526.9,83.92,43.16,21.53,10.0,27.8,71.9,23.51,21.63,325.1,552.71,594.51,102.83,514.67,400.24,87.05,23.2,59.88,10.0,146.93,33.13,337.23,327.93,185.28,50.89,10.0,130.63,10.0,24.56,13.9,31.25,53.4,41.28,10.0,94.26,18.18,10.0,310.89,27.8,98.23,332.32,296.37,77.02,10.0,38.14,131.36,1069.4,508.09,181.1,34.59,45.15,94.05,10.0,54.45,98.96,15.47,69.29,51.42,149.12,10.0,20.38,10.0,31.66,64.9,90.29,10.0,774.36,182.46,204.51,17.45,851.37,309.64,60.61,84.12,185.59,10.0,58.83,170.34,202.84,52.98,234.19,10.0,14.42,91.44,47.24,63.43,15.68,10.0,96.14,506.94,49.64,264.81,138.26,708.83,17.03,58.94,104.19,335.03,434.94,136.06,10.0,10.0,1410.8,334.51,313.4,52.98,21.74,48.59,152.47,85.8,10.0,25.81,18.29,57.16,503.7,164.38,304.62,29.05,24.56,10.0,1
80.37,3699.5,10.0,10.0,375.6,83.5,81.37,10.0,31.61,18.61,23.99,373.91,10.31,10.0,10.0,10.0,1593.5,37.66,83.84,447.33,462.24,86.87,12.55,10.0,82.49,189.76,196.04,10.0,280.1,236.05,308.23,1015.7,51.56,147.28,339.39,60.86,36.76,81.15,10.0,129.01,54.59,350.26,72.86,26.9,119.48,91.8,94.38,20.85,174.4,11.77,50.1,98.52,156.13,10.0,112.42,559.3,10.0,571.07,32.84,74.42,445.42,282.68,3067.5,878.18,10.09,49.88,148.51,51.78,857.22,37.44,42.37,257.91,795.91,104.8,175.52,23.09,271.13,154.0,59.29,10.0,34.86,32.73,109.06,211.39,69.61,10.0,2033.2,910.57,10.0,38.56,1050.9,1162.4,134.05,163.98,199.4,435.56,33.74,65.35,401.37,85.75,472.32,10.0,35.76,124.19,44.05,194.58,127.44,23.87,175.75,267.88,34.75,272.03,63.22,148.85,14.8,174.29,164.76,73.19,312.27,633.95,10.0,10.0,442.51,156.69,265.86,10.31,327.51,42.82,249.05,504.83,276.29,415.05,63.89,369.54,1827.4,57.61,30.15,68.93,36.09,12.55,1
36.95,1748.9,107.6,20.67,179.71,126.48,73.09,13.35,229.35,10.0,69.18,176.78,24.74,81.55,110.36,10.0,679.11,14.65,357.46,93.43,200.22,128.27,189.31,10.0,25.56,10.0,366.74,10.0,272.65,428.11,1015.1,466.03,141.94,75.69,51.6,10.0,22.46,44.11,68.2,331.74,16.44,110.36,226.59,122.25,127.13,918.72,10.0,25.07,53.07,33.21,103.2,163.92,422.73,10.0,531.47,1067.0,10.0,1371.1,267.93,204.94,1017.0,521.54,373.25,361.37,49.0,77.65,215.84,97.83,487.84,35.49,169.94,132.83,10.58,154.64,664.62,39.23,202.17,11.07,468.8,174.99,33.86,25.72,40.21,165.38,312.86,143.9,3055.2,1373.7,10.0,97.5,661.53,667.23,339.23,295.28,270.05,101.08,34.35,18.23,170.92,76.99,1039.2,10.0,64.46,96.36,118.83,337.28,253.93,10.0,244.33,391.32,50.46,208.52,202.33,385.29,33.04,120.62,96.53,140.31,168.64,1858.4,10.0,10.0,90.02,72.92,10.0,42.65,28.32,176.78,25.07,488.82,10.0,58.11,44.93,620.35,909.11,10.0,67.23,53.39,56.81,81.71,1
53.3,274.3,144.4,49.6,233.8,53.0,99.2,14.6,22.5,12.0,68.3,35.9,10.0,49.6,10.0,16.3,108.4,52.5,10.0,86.5,137.9,81.9,74.3,82.5,15.4,53.2,91.4,10.0,10.0,206.9,312.1,74.6,17.8,82.8,60.5,61.6,12.2,19.4,10.0,104.4,11.0,89.0,37.6,26.1,32.8,10.0,41.4,10.0,15.5,10.0,59.7,91.5,50.4,10.0,133.9,11.4,10.0,314.3,48.2,73.0,116.9,390.1,44.1,10.0,55.4,10.0,325.7,162.3,85.5,10.0,87.4,10.5,10.0,34.8,41.9,10.0,35.3,54.5,39.1,10.0,10.0,10.0,10.0,67.5,48.4,10.0,132.2,16.7,10.0,83.7,144.9,173.1,24.1,19.6,55.1,10.0,46.9,58.8,62.1,109.3,58.7,10.0,10.0,25.6,34.4,10.0,17.6,17.6,10.0,113.8,113.7,248.7,13.8,197.7,10.0,10.0,104.8,71.7,57.4,98.9,10.0,10.0,10.0,105.3,41.7,86.3,12.6,32.0,10.0,33.0,10.0,10.0,10.0,28.4,266.4,82.2,99.6,18.8,19.9,82.6,0
18.27,873.04,26.89,10.0,775.15,73.07,109.72,98.18,124.82,59.1,10.0,88.9,10.0,10.0,10.0,34.83,1247.1,11.9,105.6,446.29,437.19,40.61,37.16,10.0,21.73,42.14,20.23,10.0,36.79,54.59,80.68,704.88,169.14,79.08,115.18,33.95,14.37,48.07,112.52,72.82,22.6,143.12,20.78,10.0,88.17,17.65,48.0,30.35,23.55,12.12,14.16,10.0,190.36,10.0,10.0,24.31,10.0,93.74,10.0,33.48,169.62,308.08,510.34,1081.3,10.0,10.55,271.98,120.96,588.65,660.7,13.17,410.37,329.59,100.0,12.41,980.76,124.24,21.76,112.19,10.0,42.1,37.92,49.53,172.45,20.16,51.82,97.71,10.0,10.0,10.0,390.58,727.59,28.17,278.42,67.1,301.6,13.94,243.6,652.84,12.85,142.43,38.17,57.17,57.53,13.94,89.23,18.81,10.0,637.16,100.36,10.0,16.56,194.43,42.69,15.43,107.72,28.93,20.02,17.87,34.9,14.59,10.0,69.76,116.99,210.34,10.0,127.55,15.07,36.94,382.57,138.43,184.79,190.47,66.52,1149.7,34.06,11.86,45.74,56.91,113.5,0
128.74,664.8,65.46,10.0,46.67,35.55,31.52,76.5,47.08,39.1,46.59,14.11,10.32,19.19,114.71,10.0,104.71,22.73,96.33,44.01,75.29,35.79,139.54,10.48,27.89,71.34,28.62,10.0,475.2,513.01,629.49,100.52,30.07,10.64,30.47,20.31,23.3,10.0,14.59,348.48,26.04,85.85,123.66,43.29,14.67,1120.3,39.82,11.93,34.99,10.0,58.52,193.87,370.73,10.0,364.04,1369.3,10.0,942.1,219.02,281.57,1065.4,654.72,402.01,10.0,43.69,10.0,71.58,29.99,113.02,15.64,152.84,10.0,10.0,194.59,696.88,24.18,10.0,66.83,151.31,329.3,10.0,10.0,10.0,63.76,288.35,10.0,2004.4,1013.4,10.0,154.37,106.16,81.66,306.56,24.43,215.96,10.0,21.52,10.0,17.57,74.48,858.43,10.0,10.0,99.55,27.89,119.55,282.7,10.0,26.6,39.82,16.45,39.66,34.58,209.75,10.0,76.02,157.35,25.07,310.27,1790.4,10.0,10.0,118.42,39.82,76.1,19.27,10.08,150.1,202.98,19.67,10.0,17.73,10.0,488.18,258.36,45.22,49.98,30.23,23.38,10.0,0
57.54,448.8,35.68,22.46,14.68,74.51,103.66,51.89,98.77,275.74,46.94,69.89,10.0,10.0,53.63,16.91,240.17,18.82,48.62,840.11,1138.6,31.76,40.52,10.0,25.89,19.09,75.27,10.0,51.89,340.68,783.0,541.85,99.15,59.28,56.51,34.1,10.0,30.67,10.0,103.17,29.04,100.02,245.01,108.61,65.81,10.0,48.89,17.4,53.79,65.7,67.49,162.56,250.23,132.49,198.35,116.22,10.0,176.65,148.75,181.49,181.11,279.93,25.29,115.46,41.82,28.61,64.23,17.95,489.64,10.0,50.8,92.95,10.0,80.22,65.59,23.82,43.02,18.17,61.13,10.0,68.58,11.31,162.89,260.62,34.59,10.0,602.33,140.59,10.0,105.51,10.0,160.98,50.25,350.9,304.13,114.86,37.58,584.76,81.8,85.12,171.32,10.0,74.73,64.94,23.28,41.44,176.37,10.0,240.55,120.74,34.81,100.67,43.94,427.69,190.03,69.78,141.46,26.54,55.37,236.69,10.0,10.0,148.26,249.85,10.0,27.36,45.63,69.51,147.66,77.12,19.85,120.14,10.0,99.2,500.41,15.66,145.76,11.75,38.4,10.0,0
48.54,101.17,10.0,10.0,35.17,11.23,455.28,80.92,120.52,32.88,15.91,176.03,10.0,55.01,10.0,10.0,329.18,17.46,233.75,221.53,285.56,55.1,10.0,34.35,37.14,120.93,132.25,43.78,43.86,652.29,114.29,232.19,11.07,146.76,10.0,15.99,12.87,276.63,10.0,102.16,10.0,82.15,88.71,10.0,33.21,206.53,70.35,39.19,14.51,224.32,195.29,90.92,624.99,10.0,184.55,31.24,10.0,119.78,10.0,260.72,306.8,30.17,10.0,10.0,10.0,390.51,159.06,59.2,877.92,46.49,73.22,18.28,10.0,17.3,78.22,44.68,10.0,11.81,351.4,10.0,495.61,10.0,10.0,88.63,97.16,10.0,87.97,10.0,58.38,490.53,86.58,28.45,183.24,28.2,210.79,53.62,29.19,203.25,18.69,87.73,437.08,10.0,10.0,51.49,95.52,10.0,102.32,10.0,85.19,32.14,45.83,133.23,725.75,10.0,12.79,10.0,47.23,18.37,18.61,27.38,10.0,10.0,11.23,10.0,10.0,25.01,90.19,138.15,203.0,10.0,37.71,148.07,10.0,26.15,796.59,10.0,10.0,10.0,42.72,35.5,0
11.95,831.19,57.91,27.0,139.95,28.92,56.21,127.7,67.87,28.62,10.4,500.54,10.0,10.0,10.0,15.35,277.68,14.24,14.24,169.16,231.57,70.75,10.0,12.1,10.0,75.4,87.64,10.0,57.4,71.78,512.94,165.69,27.37,46.62,65.07,37.62,10.0,17.78,10.0,52.38,21.62,249.2,32.24,49.28,38.29,37.92,44.93,10.0,21.17,12.39,35.04,110.07,42.12,10.0,37.4,351.3,22.8,162.3,16.67,44.93,151.16,189.96,581.62,124.68,31.06,10.0,131.24,52.97,127.55,22.43,28.11,98.71,10.0,25.97,70.82,28.99,37.03,10.0,91.99,23.83,12.76,10.0,42.71,55.4,22.21,10.0,230.54,31.28,10.0,14.98,112.95,158.91,31.65,40.94,105.05,50.83,61.6,75.32,14.02,10.0,127.92,10.0,52.45,113.98,12.25,33.79,24.2,10.0,172.26,332.49,48.99,142.68,69.79,192.03,25.53,125.71,142.38,38.07,117.74,266.17,10.0,10.0,328.51,103.87,10.0,22.13,13.5,76.58,106.9,87.86,54.52,222.35,12.84,64.48,362.3,16.75,45.96,37.55,49.58,10.0,0
37.22,168.09,10.0,52.64,165.78,101.94,28.25,33.69,10.0,21.33,56.17,15.96,18.81,54.74,14.6,32.4,176.79,58.88,10.0,28.87,73.83,135.83,59.36,98.48,10.8,20.31,322.88,10.0,19.7,144.39,537.83,94.81,23.91,140.11,118.72,29.2,13.18,16.98,10.0,156.0,10.0,46.12,207.28,10.0,18.07,10.0,55.28,10.0,25.33,10.0,165.51,52.91,96.58,10.0,10.0,16.84,10.0,99.09,44.62,35.66,59.63,146.02,16.71,10.0,32.53,10.0,685.14,320.97,111.86,10.0,43.26,10.0,10.0,10.0,32.13,10.0,24.65,16.91,94.06,10.0,10.0,10.0,10.0,36.68,47.95,10.0,751.36,192.27,27.24,68.66,415.92,165.99,16.5,24.25,24.59,14.6,37.49,10.53,50.12,21.33,81.3,10.0,66.69,58.61,56.91,10.0,15.69,10.0,10.0,150.16,53.79,85.17,10.0,160.55,10.0,10.0,69.82,74.03,82.59,159.67,10.0,10.0,30.22,10.0,152.0,90.47,10.73,33.96,10.0,54.13,10.0,10.0,10.0,18.81,209.32,106.97,99.23,12.63,10.0,161.51,0
29.21,848.32,26.74,10.0,341.79,44.96,99.77,27.38,11.58,79.16,15.29,90.15,10.0,10.0,10.0,17.03,851.89,10.0,35.99,342.98,510.28,10.0,10.35,28.62,10.0,36.81,39.15,10.0,87.45,52.88,142.44,712.79,79.9,71.88,141.11,22.02,14.15,53.8,10.0,75.46,19.78,240.6,12.77,98.12,66.53,10.0,57.1,10.3,112.04,31.55,18.18,33.97,31.68,14.97,10.0,10.0,10.0,154.16,16.39,15.66,139.19,222.66,591.0,953.9,10.0,24.04,253.74,133.92,739.62,31.87,18.45,315.37,1138.1,10.0,19.78,31.09,96.56,35.39,10.0,10.0,17.44,23.31,56.27,184.65,16.99,10.0,118.54,10.0,19.73,15.02,400.44,201.41,10.0,576.86,149.86,330.94,41.44,320.32,502.36,66.12,250.45,10.0,33.7,20.74,116.2,95.97,13.1,19.69,380.34,215.24,28.3,113.14,94.41,125.91,10.0,65.47,58.7,29.85,42.17,42.4,10.0,10.0,124.31,94.14,10.0,13.32,89.65,27.47,41.85,169.5,201.82,281.72,10.0,139.83,1354.4,10.94,36.13,18.36,37.68,10.0,0
49.23,1083.0,21.79,10.0,473.67,42.64,72.34,27.32,17.33,49.11,10.0,92.25,11.99,10.0,10.0,30.08,866.39,38.56,139.6,241.07,316.05,40.44,10.0,10.0,23.23,111.34,121.32,10.0,10.0,65.31,77.62,607.68,102.42,81.76,66.56,47.35,19.28,103.86,10.0,56.58,10.0,244.59,10.0,10.0,52.62,13.75,42.51,10.0,80.76,73.53,10.0,36.23,42.39,11.62,10.0,10.0,10.0,63.3,10.0,35.98,113.97,120.82,623.25,460.48,10.0,10.0,44.84,22.1,413.7,19.47,10.0,267.01,636.06,42.26,10.0,10.8,47.22,28.76,84.46,10.0,39.44,13.38,29.77,106.25,21.85,10.0,178.15,19.28,41.01,15.32,385.06,288.92,25.43,283.08,27.88,234.98,10.0,171.37,201.01,10.0,304.12,10.0,10.0,21.41,130.11,51.93,10.0,10.0,559.95,316.99,25.5,136.83,102.36,187.19,19.22,16.77,37.24,26.06,10.0,47.91,10.0,10.0,159.75,214.45,10.0,10.0,44.46,30.9,41.45,98.46,97.27,204.02,10.0,37.68,1036.9,13.82,57.9,10.0,10.0,10.0,0
79.06,2000.7,26.93,12.77,630.84,43.3,40.66,33.97,10.0,46.08,10.0,85.81,10.0,10.0,10.0,16.74,1155.6,10.0,45.29,316.97,320.02,32.78,40.36,11.35,10.0,131.69,39.33,10.0,118.33,64.01,139.27,844.67,36.62,38.9,43.67,42.11,22.3,52.8,10.0,39.76,21.14,218.92,48.13,133.08,21.37,93.85,55.58,10.49,31.16,36.95,16.21,78.63,121.3,10.0,29.14,322.1,23.62,255.78,13.07,43.4,252.93,148.89,567.36,295.14,10.0,18.69,388.13,205.79,457.4,86.41,10.26,538.28,10.0,22.23,48.6,96.46,30.57,60.21,55.01,10.0,19.91,10.0,82.01,160.57,31.03,10.0,471.39,148.4,30.7,21.34,574.2,118.1,60.6,194.87,25.54,294.18,39.76,213.93,368.21,29.44,242.01,10.0,10.0,65.66,23.49,71.98,42.41,34.5,638.25,188.32,10.0,47.01,74.23,224.94,85.38,40.42,76.48,66.39,16.77,282.9,14.99,10.0,126.93,164.14,181.21,10.0,152.3,30.93,54.71,56.6,187.4,287.4,10.0,176.45,983.34,25.31,68.48,10.0,10.0,14.09,0
68.1,826.14,42.15,17.29,74.36,607.45,80.22,69.24,10.0,18.21,14.88,114.57,69.02,10.0,13.61,29.72,814.8,34.22,73.79,131.86,163.85,40.7,35.58,12.52,34.62,70.02,10.0,44.68,60.79,173.09,168.58,613.58,22.45,163.94,86.74,101.66,16.02,51.9,10.0,87.88,13.61,299.39,22.63,37.11,26.87,34.22,79.74,10.0,105.56,95.23,29.5,58.82,121.27,10.0,40.66,207.92,10.0,203.29,40.18,278.03,197.77,80.57,526.7,34.27,10.0,143.07,80.88,40.57,337.69,19.08,30.37,264.07,10.0,64.6,30.94,17.51,45.78,15.62,91.42,10.0,29.67,10.0,51.34,118.16,44.07,10.0,254.1,38.34,21.62,12.08,391.91,101.14,144.95,280.4,47.97,112.17,59.74,80.4,128.23,43.37,192.78,10.0,10.0,42.58,118.73,48.58,25.38,10.0,599.88,190.46,50.46,219.35,239.08,453.22,27.75,17.02,42.58,37.07,18.69,213.44,10.0,10.0,80.7,174.84,10.0,20.48,45.34,43.2,10.0,28.93,10.0,56.15,10.0,62.71,420.05,17.24,221.05,10.0,10.0,10.0,0
24.3,1323.5,10.0,12.65,842.23,43.38,59.36,114.94,79.77,51.37,22.58,120.37,17.64,10.0,10.0,21.47,1475.5,10.0,88.59,314.42,410.99,10.0,15.48,38.05,10.0,86.93,172.91,10.0,44.43,14.81,69.12,635.88,67.45,58.52,50.09,64.13,11.32,87.37,10.0,32.06,10.0,350.31,10.0,57.64,26.18,10.0,48.15,10.0,41.88,59.08,31.56,77.11,10.0,28.07,10.0,10.0,10.0,89.81,10.0,13.09,36.0,62.91,228.77,195.26,10.0,10.0,237.42,100.79,293.78,17.31,15.64,542.9,10.0,10.0,21.52,10.0,35.45,10.0,105.56,10.0,70.12,10.0,105.95,141.68,10.71,10.0,44.1,10.0,113.55,10.0,424.47,98.63,10.0,388.36,224.0,161.87,27.68,232.04,76.33,12.81,149.66,10.0,10.0,23.85,10.0,10.0,10.0,10.0,451.54,504.52,10.0,36.56,394.96,309.92,55.97,42.71,23.08,47.21,10.48,35.06,10.1,10.0,119.93,48.93,10.0,21.69,91.47,32.4,127.59,55.42,171.02,176.12,11.71,49.93,701.94,10.26,100.9,10.0,42.16,10.0,0
17.21,451.06,90.47,10.0,56.63,179.36,49.42,106.51,20.23,17.79,12.21,126.51,10.18,25.93,48.32,42.85,1183.9,10.0,204.19,297.91,387.68,50.47,17.44,10.0,23.26,82.56,25.87,10.0,47.85,138.43,119.36,384.89,155.76,288.15,15.47,41.98,13.95,47.91,10.0,40.99,10.0,166.81,113.67,19.42,86.22,10.0,10.0,10.0,223.15,20.18,47.79,10.0,135.0,10.0,46.22,68.9,10.0,68.9,107.79,65.7,105.76,251.98,39.36,387.34,10.0,61.34,193.49,82.62,665.77,44.25,23.2,235.06,10.0,64.65,10.0,51.4,113.9,61.8,116.51,10.0,19.25,16.63,66.34,137.5,29.65,10.0,438.09,106.8,17.38,59.3,253.96,228.61,33.72,248.15,37.44,304.31,10.0,145.29,396.23,41.86,191.75,10.0,35.0,20.23,10.0,36.11,13.43,10.0,582.57,110.18,32.27,168.38,131.75,463.21,71.05,10.0,25.23,49.89,10.0,76.28,10.0,10.0,136.92,221.34,318.96,10.0,208.67,20.81,119.36,277.33,219.42,278.32,10.0,43.32,991.19,12.73,139.25,10.87,16.05,10.0,0
30.22,261.57,27.97,10.0,182.92,138.5,30.76,37.1,55.44,12.42,47.82,74.98,17.76,20.97,25.11,41.01,546.81,38.49,28.13,139.74,170.42,10.0,53.0,10.1,10.0,10.0,97.03,10.0,122.49,285.28,384.44,204.74,140.78,217.15,77.22,58.69,21.98,16.21,10.0,123.57,107.98,126.59,326.52,10.0,25.73,137.92,10.0,10.0,21.36,10.0,42.6,76.29,107.51,10.0,136.34,559.5,16.87,284.74,45.96,48.9,272.36,407.88,107.59,10.0,37.76,12.81,393.53,199.01,94.09,21.36,60.97,38.61,10.0,70.03,140.63,30.25,56.1,15.59,57.8,15.13,32.85,10.0,10.0,65.92,74.98,10.0,792.9,398.6,10.1,21.16,234.33,213.01,109.76,117.03,111.69,10.0,61.09,36.44,123.99,60.31,198.89,10.0,84.42,198.39,44.65,88.36,75.44,10.0,28.94,168.1,44.92,153.28,74.36,560.58,19.11,163.92,192.59,143.11,449.2,710.03,10.0,10.0,47.82,484.37,206.4,72.54,84.15,50.76,86.54,86.0,10.0,12.15,22.32,173.86,372.64,43.95,236.19,36.29,16.56,10.0,0
