1306_at,1481_at,1736_at,1898_at,291_s_at,31623_f_at,31740_s_at,31901_at,32249_at,32252_at,32502_at,32566_at,32818_at,32905_s_at,33413_at,33452_at,34454_r_at,34771_at,35280_at,35740_at,36197_at,36203_at,36284_at,36591_at,36622_at,36834_at,37222_at,37467_at,37478_at,38013_at,38028_at,388_at,38957_at,38997_at,39066_at,39157_at,39473_r_at,39704_s_at,39870_at,40445_at,41164_at,41165_g_at,41764_at,41771_g_at,614_at,label
395.7,13.3,35.5,63.3,45.7,632.7,10.0,86.4,651.0,10.0,139.2,656.7,39.7,97.1,10.0,25.7,10.0,106.8,20.3,10.0,115.9,431.8,10.0,10.0,10.0,180.7,97.5,10.0,61.4,84.3,18.3,164.2,42.9,151.5,10.0,115.6,10.0,448.3,10.0,32.9,758.6,422.6,503.9,115.9,241.3,1
157.2,11.0,212.7,172.5,16.9,1617.0,10.0,107.9,1198.6,193.2,136.0,731.4,546.1,75.6,248.7,375.7,10.0,56.7,65.2,291.3,10.0,290.9,10.0,44.6,10.0,49.7,91.7,13.5,50.2,23.1,10.0,80.4,46.6,10.0,522.2,10.0,10.0,60.7,56.7,18.1,276.5,128.7,58.1,58.0,540.9,1
117.0,34.4,29.4,98.1,44.8,451.2,10.0,108.9,943.8,10.0,142.3,175.8,30.4,10.0,173.2,10.0,10.0,10.0,10.0,26.4,18.6,529.4,10.0,10.0,10.0,10.0,121.4,10.0,87.8,34.4,10.0,85.2,99.8,72.5,60.2,40.3,36.2,10.0,10.0,34.6,325.8,61.7,70.1,75.2,387.0,1
90.8,29.1,1154.8,458.1,88.5,1661.4,34.4,144.9,62.8,10.0,28.8,234.2,148.7,10.0,58.0,1319.8,10.0,273.5,1172.9,79.3,10.0,53.8,59.3,594.3,10.0,10.2,82.6,10.0,61.9,25.1,10.0,154.8,26.2,398.3,10.0,16.3,10.0,2315.9,10.0,22.1,38.1,10.0,722.8,37.3,10.0,1
344.5,26.2,452.4,16.8,12.8,625.9,10.0,161.2,93.0,10.0,50.5,486.4,254.0,10.0,103.9,10.0,10.0,80.9,244.1,10.0,714.5,220.1,10.0,353.8,10.0,10.0,10.0,10.0,17.2,10.0,10.0,160.6,10.0,10.0,10.0,101.3,10.0,470.2,20.0,24.0,106.4,27.2,281.1,69.8,10.0,1
91.8,27.7,343.5,468.5,14.9,1110.8,10.0,133.8,137.3,10.0,480.5,118.2,46.0,236.7,16.5,10.0,50.5,72.1,35.9,34.9,567.5,117.6,10.0,10.0,10.0,10.7,108.5,44.9,43.7,83.0,10.0,175.2,41.5,348.6,95.8,70.6,10.0,55.0,34.0,10.0,264.3,58.5,430.2,49.6,224.4,1
277.4,22.6,110.6,77.4,10.0,2005.7,10.0,201.6,1055.9,10.0,85.3,692.8,11.0,10.0,25.4,21.6,10.0,24.4,10.0,38.2,594.1,206.5,10.0,10.0,10.0,13.3,125.6,10.0,12.4,20.4,10.0,113.9,10.0,222.8,10.0,16.7,10.0,121.8,10.0,36.1,151.4,10.0,389.1,31.4,2385.1,1
244.2,20.7,197.0,328.2,51.4,1493.6,119.1,54.5,181.0,10.0,398.2,356.4,10.0,20.9,10.0,10.0,26.0,98.6,36.3,10.0,128.8,180.9,10.0,10.0,10.0,26.8,79.6,10.0,16.3,58.5,10.0,176.7,10.0,128.9,10.0,31.3,10.0,107.6,49.7,28.7,104.0,10.0,526.4,56.5,842.3,1
301.5,15.3,647.9,1449.1,14.7,1889.4,10.0,55.5,162.5,10.0,370.9,233.4,27.3,10.0,10.0,15.0,10.0,86.6,104.4,23.7,42.1,188.8,10.0,14.2,10.0,10.0,128.4,10.0,84.0,14.6,10.0,193.1,20.6,337.4,10.0,37.3,10.0,87.4,10.6,32.8,2822.2,1757.0,511.0,49.6,152.2,1
171.5,69.0,537.8,53.8,24.7,1874.9,10.0,154.4,908.0,10.0,60.2,82.5,260.9,14.4,37.6,10.0,82.5,149.8,157.0,19.9,188.4,91.8,10.0,167.4,10.0,10.0,10.0,10.0,10.0,63.4,10.0,98.7,33.6,99.4,117.4,61.3,87.4,12.8,28.4,10.9,1852.5,604.4,582.3,94.9,901.7,1
272.1,16.3,10.0,50.7,14.2,1054.2,88.2,165.2,1073.8,26.5,191.3,283.0,266.3,152.1,10.0,81.3,22.3,43.6,10.0,217.3,568.7,149.3,10.0,10.0,10.0,10.8,55.4,10.0,95.2,72.3,10.0,273.5,29.6,109.9,10.0,31.9,19.7,235.3,51.8,24.3,102.6,10.0,170.1,174.0,2012.8,1
86.1,10.0,137.0,86.7,39.9,1038.0,10.0,132.4,398.1,13.9,204.6,247.3,128.2,27.4,119.5,10.0,10.0,140.3,126.7,45.4,27.3,259.5,10.0,107.2,10.0,10.0,112.6,10.0,81.0,116.6,10.7,178.3,38.1,346.5,10.0,10.0,10.0,319.7,10.0,25.4,139.4,11.5,528.9,69.3,142.1,1
10.0,38.2,279.5,282.1,10.0,894.2,10.0,10.0,127.7,15.4,451.6,215.9,10.0,10.0,10.0,82.2,633.7,10.0,10.0,10.0,107.3,229.0,10.0,10.0,10.0,12.4,123.7,25.3,10.0,10.0,10.0,10.0,11.7,78.4,10.0,106.1,10.0,10.0,181.0,78.6,96.7,382.9,10.0,132.4,794.8,1
10.0,14.5,137.0,48.1,137.2,2271.7,10.0,50.2,795.2,68.1,219.6,483.1,60.2,42.3,56.4,349.3,745.2,131.9,10.0,111.6,37.7,145.5,10.0,10.0,10.0,23.2,93.2,125.3,10.0,10.0,10.0,145.7,28.8,174.4,334.3,144.1,10.0,101.1,88.2,10.0,1151.9,880.5,58.3,213.5,1485.7,1
409.7,10.0,102.0,31.2,20.4,1858.1,10.0,18.6,53.8,15.1,458.7,85.9,10.0,76.7,29.2,10.0,10.0,13.8,10.0,10.0,112.0,163.9,18.5,10.0,10.0,10.0,12.5,10.0,51.1,31.9,10.0,67.1,23.0,42.1,10.0,189.0,10.0,10.0,70.6,41.5,166.4,218.3,47.7,74.3,1071.8,1
10.0,35.7,554.9,49.4,15.1,10.0,10.0,105.3,972.3,24.0,75.5,434.2,111.5,21.9,102.7,13.5,10.0,74.2,59.9,11.8,1518.2,232.2,10.0,10.0,10.0,16.1,51.7,21.8,53.8,277.7,10.0,77.4,10.0,10.0,10.0,315.0,10.0,473.3,30.7,108.2,17.4,11.4,816.3,64.6,10.0,1
226.8,35.9,224.8,248.5,18.2,1235.8,10.0,67.8,1133.2,10.0,143.2,530.9,244.6,10.0,144.0,118.3,32.3,47.8,63.2,145.9,120.6,227.0,22.0,10.0,10.0,22.8,62.8,10.0,66.6,13.2,10.0,101.8,10.1,100.2,74.6,134.7,10.0,375.4,10.0,44.0,390.3,150.9,662.6,65.0,61.2,1
143.1,49.7,197.6,64.6,22.3,1823.6,10.0,66.8,3082.9,11.6,206.3,212.2,28.5,68.4,274.5,20.5,10.0,10.0,12.7,127.3,176.1,714.9,15.0,10.0,61.8,52.1,10.0,10.0,54.4,43.4,10.0,133.1,20.3,202.8,56.6,49.0,253.2,52.2,10.0,46.6,58.0,84.2,256.3,35.3,3968.5,1
10.0,10.0,1192.4,398.0,249.4,3317.0,10.0,276.0,613.7,10.0,233.5,319.4,59.4,10.0,353.4,10.0,505.3,86.4,64.8,10.0,613.6,281.1,10.0,114.6,10.0,80.1,222.6,37.5,181.7,16.6,24.8,10.0,88.8,339.5,13.0,33.6,10.0,309.6,259.6,38.8,901.1,422.3,562.7,71.3,554.0,1
10.0,10.0,156.0,10.0,61.5,889.7,129.2,300.2,326.7,479.9,257.0,149.1,10.0,10.0,129.3,82.2,10.0,10.0,10.0,10.0,502.8,177.7,10.0,10.0,16.1,63.3,10.0,28.4,33.8,34.8,15.4,10.0,19.3,10.0,10.0,84.5,10.0,143.8,10.0,10.0,590.7,254.4,868.0,110.1,10.0,1
10.0,21.4,120.6,384.7,15.3,693.4,291.0,80.5,139.7,10.0,90.0,209.9,101.9,18.5,211.6,212.9,721.4,10.0,200.7,43.8,108.1,333.2,119.7,130.4,80.1,139.0,168.6,210.7,114.4,10.0,42.1,41.8,88.7,10.0,111.6,71.5,10.0,101.1,107.9,10.0,1440.3,571.3,729.5,50.6,1850.3,1
10.0,10.0,10.0,359.2,207.7,607.5,325.0,111.4,2230.9,10.0,332.2,544.9,84.0,148.4,93.6,10.0,10.0,216.7,10.0,10.0,2050.9,269.7,10.0,10.0,10.0,61.7,839.8,176.5,10.0,25.6,10.0,70.7,48.4,92.2,10.0,157.1,10.0,202.9,10.0,10.1,10.0,10.0,666.3,191.4,2195.2,1
10.0,11.9,444.0,33.0,49.1,2945.8,10.0,181.8,545.4,10.0,283.9,104.1,598.7,98.5,83.4,165.4,10.0,10.0,10.0,146.2,12.4,127.6,10.0,52.8,10.0,53.0,61.2,10.0,81.2,121.6,10.0,118.1,61.8,266.7,215.6,10.0,10.0,65.8,15.8,15.7,145.3,115.2,615.2,49.6,342.2,1
10.0,10.0,158.5,62.7,16.3,803.2,10.0,194.1,1048.7,10.0,198.0,415.3,28.1,48.1,162.2,22.8,10.0,132.5,24.8,53.9,125.5,551.9,10.0,10.0,10.0,19.6,60.3,10.0,72.3,33.9,10.0,96.0,48.5,252.4,10.0,23.0,10.0,138.0,35.5,22.1,141.3,185.4,807.7,392.4,28.6,1
74.8,20.8,382.0,66.4,12.2,4932.4,10.0,91.5,356.7,10.0,175.1,634.9,14.6,25.4,108.9,15.9,87.2,10.0,30.6,10.0,169.5,246.6,17.6,28.5,10.0,13.1,31.6,10.0,32.7,10.1,10.0,99.9,10.0,305.1,10.0,169.9,10.0,47.5,10.0,52.3,1940.3,966.4,645.0,57.6,251.2,1
10.0,40.3,89.2,165.2,218.0,889.1,17.8,81.9,532.3,10.0,186.3,348.1,74.3,10.0,140.0,65.7,304.6,274.5,10.0,10.0,542.3,211.4,10.0,10.0,10.0,10.0,167.5,10.0,89.2,25.9,10.0,119.5,10.0,33.2,10.0,105.4,10.0,791.0,10.0,22.8,10.0,10.0,548.5,167.8,248.9,1
10.0,10.0,182.6,41.6,282.8,1103.7,10.0,123.3,836.8,10.0,356.3,522.4,95.1,10.0,198.3,131.8,22.0,26.5,10.0,142.5,10.0,122.0,10.0,10.0,34.2,35.7,90.4,10.0,24.0,43.2,10.0,76.9,10.0,342.8,121.3,80.4,10.0,58.3,115.1,92.0,49.0,10.0,1087.4,104.9,10.0,1
10.0,27.9,1561.2,38.6,35.3,1502.4,10.0,88.5,214.2,10.0,10.0,231.4,65.3,42.0,64.4,278.2,180.1,10.0,497.4,21.6,11.5,99.5,10.0,10.0,10.0,10.0,45.9,67.3,30.0,23.2,10.0,128.2,76.8,301.2,10.0,18.4,541.9,283.5,33.3,42.5,424.1,347.7,755.5,90.2,10.0,1
10.0,37.5,501.6,10.0,129.6,539.7,10.0,10.0,19.7,10.0,330.8,77.1,27.7,10.0,334.8,215.1,828.1,43.5,10.0,10.0,82.9,167.3,10.0,21.0,10.0,60.0,10.0,56.9,16.4,10.0,10.2,11.7,75.6,94.6,10.0,197.4,10.0,210.5,60.4,10.0,359.9,197.2,164.3,152.4,10.0,1
10.0,13.8,2033.1,128.1,10.0,1816.1,10.0,137.7,166.0,10.0,291.4,10.0,70.5,10.0,35.9,868.8,547.1,10.0,28.7,10.0,86.1,131.6,10.0,603.0,10.0,10.0,10.0,10.0,23.6,10.0,10.0,79.8,95.1,388.4,10.0,99.2,10.0,291.6,57.0,57.3,1684.8,729.2,668.9,105.0,755.0,1
107.3,10.0,220.4,36.3,67.6,1404.0,47.1,276.0,704.2,10.0,111.8,491.6,87.3,15.7,10.0,513.7,10.0,343.5,150.2,10.0,338.4,241.6,10.0,312.9,75.5,10.0,59.8,82.8,186.6,62.6,10.0,181.1,55.5,186.7,80.4,134.7,10.0,372.5,10.0,10.0,38.1,10.0,983.8,104.6,972.6,1
156.5,184.6,23.5,248.5,157.5,10.0,141.2,81.6,70.0,10.0,359.6,31.7,28.7,86.2,10.7,43.9,545.9,347.9,40.5,48.6,93.2,136.3,10.0,217.1,10.0,42.7,10.0,47.7,10.0,43.6,10.0,39.3,10.0,11.4,10.0,10.0,10.0,858.7,27.1,453.5,372.7,198.8,638.0,269.4,10.0,1
530.1,293.8,10.0,52.1,535.7,10.0,10.0,116.8,226.0,15.5,10.0,102.1,852.5,131.6,200.8,10.0,10.0,281.4,35.7,61.0,27.8,241.4,10.0,547.5,1959.4,73.1,95.9,224.0,79.1,148.3,46.2,10.0,13.8,241.7,10.0,181.4,10.0,1000.9,10.0,115.8,10026.0,6971.5,501.5,323.3,10.0,0
440.2,58.5,10.0,59.6,876.0,474.2,10.0,18.7,378.0,24.5,133.8,118.8,493.1,341.5,252.3,24.5,10.0,192.2,57.5,275.4,173.3,248.7,44.3,246.0,2426.0,184.2,10.0,255.9,61.9,81.7,105.7,10.0,38.5,153.5,100.1,10.0,10.0,619.9,19.5,242.6,4305.4,2594.7,899.7,557.0,59.9,0
443.5,44.5,10.0,39.2,979.0,251.1,10.0,12.4,403.4,10.0,84.5,166.8,606.3,250.4,441.1,46.3,11.7,246.0,29.6,200.2,335.7,322.2,10.0,242.4,3840.6,140.7,28.2,220.4,42.1,235.2,149.3,61.6,38.8,129.1,106.3,48.3,10.0,835.7,10.0,234.8,3151.8,1490.7,1218.6,697.3,10.0,0
268.1,202.0,10.0,40.0,559.9,417.9,39.5,110.2,150.1,10.0,37.4,122.4,1075.0,120.9,27.6,19.3,10.0,111.7,60.4,174.8,804.5,139.2,10.0,322.6,1392.1,69.0,98.7,570.3,48.6,125.0,159.6,146.2,15.9,10.0,10.0,10.0,10.0,1399.0,10.0,88.8,5837.5,3890.2,1756.1,247.8,10.0,0
168.9,155.3,10.0,91.2,635.5,10.0,170.0,18.2,227.6,10.0,10.0,98.5,107.8,63.5,765.9,10.0,10.0,81.1,48.0,118.2,179.3,600.2,10.0,153.3,1034.5,224.1,144.3,297.3,129.6,319.7,120.2,159.8,24.5,364.2,162.0,216.9,10.0,431.8,66.0,119.4,7305.5,5072.7,195.7,258.6,10.0,0
119.6,129.7,10.0,101.2,682.3,522.5,162.0,10.0,145.1,31.6,131.2,135.0,64.1,11.4,567.9,24.1,10.0,56.3,114.8,30.1,103.7,1113.8,10.0,174.4,2076.8,27.3,157.4,95.9,30.2,295.1,160.4,152.6,10.0,433.5,10.0,10.0,10.0,495.9,30.3,147.1,9883.0,6780.3,104.6,232.6,10.0,0
220.7,324.2,50.5,84.9,381.0,10.0,10.0,47.1,195.7,10.0,147.6,141.5,116.0,474.2,22.3,111.3,82.8,10.0,76.8,190.2,91.6,16.2,404.9,208.3,10.0,166.9,203.2,342.2,87.9,32.5,34.2,121.4,65.8,335.1,207.2,10.0,10.0,459.1,10.0,309.3,6393.2,4394.8,964.7,179.2,10.0,0
176.4,159.1,38.4,10.6,522.5,310.8,14.1,26.5,318.3,10.0,33.8,185.3,472.9,66.1,246.2,58.1,10.0,103.6,119.3,155.6,214.6,304.5,10.0,147.6,816.8,96.0,100.2,1191.3,10.0,116.1,29.7,98.8,21.1,401.9,10.0,10.0,542.4,597.0,10.0,91.4,10007.0,7354.3,876.2,125.1,10.0,0
417.9,140.0,10.0,67.5,420.4,399.7,155.2,92.2,249.2,10.0,10.0,95.8,896.5,501.6,417.3,153.4,10.0,10.0,40.2,97.0,223.8,254.4,10.0,235.3,631.5,211.7,27.0,2908.1,54.9,268.6,283.9,10.0,50.8,10.0,160.6,163.1,290.0,217.2,26.2,57.3,4880.9,2424.2,394.8,361.4,26.6,0
109.1,45.2,10.0,34.7,900.8,786.2,10.0,98.6,184.0,14.6,234.1,414.0,132.1,266.3,266.6,10.0,10.0,10.0,69.6,116.7,618.6,239.9,110.6,968.8,10.0,20.3,107.4,10.0,85.9,25.8,496.0,10.0,18.5,483.0,10.0,10.0,10.0,1088.5,82.4,281.4,1607.1,540.7,277.0,175.2,10.0,0
486.2,15.0,10.0,36.6,932.7,922.5,10.0,60.9,87.2,10.7,176.9,293.5,274.9,193.7,210.8,37.4,10.0,16.3,39.0,75.1,429.8,414.8,173.1,928.1,10.0,10.0,92.3,11.2,52.7,20.4,417.3,103.9,17.6,819.2,10.0,10.0,10.0,1780.7,14.6,132.0,1322.4,715.8,339.0,150.7,10.0,0
77.4,25.8,10.0,42.6,300.8,10.0,181.9,10.0,11.9,10.0,49.7,36.3,141.3,64.0,534.4,34.9,10.0,513.8,54.2,10.0,1050.4,156.7,28.7,527.4,801.9,40.5,45.1,10.0,10.0,244.5,305.2,133.0,10.0,1260.1,10.0,10.0,10.0,750.3,10.0,221.9,498.5,118.8,824.3,303.0,10.0,0
389.5,39.3,10.0,60.6,375.4,202.3,101.2,35.8,115.3,10.0,117.8,81.7,188.7,1255.5,143.4,57.4,10.0,273.2,61.0,88.3,222.3,166.0,10.0,176.6,349.2,69.0,154.4,52.7,14.6,484.7,299.5,35.2,23.6,752.6,275.3,165.3,10.0,398.4,28.9,168.2,1332.4,747.3,1115.1,435.2,10.0,0
313.1,245.3,10.0,34.7,165.6,10.0,129.2,81.8,113.6,10.0,32.7,10.0,181.4,157.1,758.7,10.0,10.0,359.1,10.0,22.3,10.0,1052.4,10.0,299.5,1070.7,20.0,236.1,243.6,11.9,321.8,155.6,134.7,212.4,320.7,50.3,89.6,10.0,741.3,54.6,383.5,4064.6,2136.8,761.6,380.5,10.0,0
453.7,117.9,213.3,147.8,249.1,10.0,406.2,69.2,41.4,247.1,232.5,10.0,116.0,137.6,519.9,92.5,948.1,265.2,10.0,10.0,10.0,987.2,10.0,389.9,1104.8,10.0,10.0,537.2,163.4,419.3,297.8,30.4,491.8,382.4,136.6,263.6,1224.6,520.8,10.0,485.3,5116.4,2293.5,10.0,324.8,21.5,0
194.5,73.3,10.0,68.9,1377.2,214.1,111.3,10.0,128.8,20.8,10.0,249.2,221.7,304.5,288.0,10.0,10.0,84.3,26.3,45.3,125.7,97.9,272.2,314.7,45.4,69.3,117.7,10.0,90.2,380.5,411.4,161.3,14.9,334.9,10.0,10.0,10.0,686.8,67.6,314.4,2671.4,1439.7,168.2,374.3,10.0,0
307.1,1229.3,108.0,50.6,265.2,1026.8,10.0,22.0,59.8,10.0,104.5,50.3,472.7,155.6,23.3,22.9,65.7,61.2,42.9,114.0,463.7,172.1,14.9,639.9,27.8,30.4,10.0,29.4,40.1,55.1,10.0,142.0,11.0,10.0,10.0,10.0,10.0,2210.7,21.6,55.8,868.1,436.1,630.3,110.3,10.0,0
245.4,657.6,70.5,50.5,346.8,868.6,21.8,78.6,67.2,10.0,52.9,82.7,330.2,324.5,120.3,35.9,10.0,94.3,65.7,139.1,318.7,172.1,10.0,1091.9,55.6,10.0,10.0,124.4,10.0,60.6,78.2,118.6,10.0,10.0,10.0,18.8,10.0,1925.0,10.0,51.3,1922.6,1134.1,978.2,168.6,10.0,0
243.1,17.5,10.0,47.7,1827.5,408.7,128.5,67.7,44.4,10.0,128.8,24.9,114.8,748.0,746.3,28.4,10.0,269.5,20.0,10.0,10.0,790.2,10.0,178.3,40.2,10.0,357.3,10.0,10.0,161.8,308.7,55.9,14.7,230.8,173.6,11.4,10.0,549.1,10.0,388.8,247.6,152.1,621.0,258.6,10.0,0
261.8,19.3,10.0,58.4,553.1,10.0,104.5,18.9,10.0,29.5,65.4,104.2,10.0,10.0,232.8,10.0,10.0,10.0,46.7,10.0,425.1,994.5,24.1,267.5,10.0,10.0,353.8,534.8,10.0,123.3,542.2,10.0,10.0,317.8,10.0,10.0,10.0,315.6,105.8,142.1,642.6,313.2,191.5,2646.2,10.0,0
284.8,24.6,10.0,73.3,594.0,10.0,104.0,13.4,10.0,35.0,10.0,188.2,13.1,38.6,38.2,13.2,10.0,11.5,10.0,10.0,206.3,1095.9,10.0,150.2,10.0,10.0,271.2,933.1,40.3,300.2,347.5,161.3,10.0,307.0,10.0,10.0,10.0,255.0,43.5,65.8,3419.2,2168.3,180.7,1962.4,10.0,0
386.4,21.9,10.0,49.0,622.0,10.0,55.4,67.4,10.0,10.0,10.0,208.0,18.9,20.6,43.2,10.0,10.0,62.2,38.0,10.0,249.4,1385.7,10.0,190.1,10.0,10.0,184.6,1097.9,66.8,304.0,555.7,10.0,18.7,302.7,10.0,98.7,28.8,310.3,63.0,64.4,3717.3,2578.5,261.3,2270.1,10.0,0
236.7,589.8,10.0,32.9,673.3,273.5,10.0,39.8,94.3,10.0,22.9,108.3,186.9,469.3,168.5,205.5,28.3,274.6,17.0,75.1,105.1,1050.9,10.0,208.0,1051.7,63.6,132.4,776.4,52.4,299.9,131.6,38.5,33.3,215.9,20.4,23.5,10.0,808.6,10.0,164.9,9579.6,6723.1,592.2,350.5,10.0,0
306.1,77.9,10.0,47.0,688.4,88.6,83.7,10.0,25.1,22.5,102.4,52.9,22.7,730.0,113.1,77.1,10.0,12.2,48.8,10.0,10.0,123.2,10.0,268.5,188.6,45.3,227.2,51.5,32.4,415.3,615.0,148.8,21.6,166.2,10.0,97.3,368.6,487.0,10.0,231.6,1122.8,493.3,239.0,1101.7,10.0,0
524.6,20.4,10.0,26.7,548.5,10.0,101.5,10.0,215.4,10.0,120.9,306.9,10.5,59.6,727.2,11.7,10.0,17.9,22.6,10.0,25.0,1969.7,10.0,193.6,202.0,10.0,300.3,52.6,16.6,134.1,622.8,15.0,10.0,31.9,10.0,10.0,10.0,294.0,60.0,39.1,6348.6,4451.8,441.9,1484.9,10.0,0
201.4,22.5,10.0,70.9,1300.7,48.3,100.5,10.0,21.2,13.5,10.0,77.2,80.3,334.4,77.4,74.1,10.0,247.4,62.1,10.0,39.5,494.8,10.0,10.0,288.7,57.0,418.4,10.0,29.0,157.4,258.1,197.2,76.1,434.3,10.0,10.0,10.0,578.7,10.0,247.9,1336.2,827.1,183.8,744.5,10.0,0
255.1,21.0,10.0,24.0,1129.9,961.4,76.8,10.0,100.3,10.0,79.9,10.0,81.1,878.2,304.7,10.0,10.0,198.1,71.5,20.6,55.7,426.7,58.2,20.8,284.1,76.4,312.6,10.0,47.2,134.5,174.2,66.1,74.1,348.3,198.1,45.9,10.0,734.3,10.0,168.0,6520.0,3943.5,856.4,697.6,10.0,0
315.9,23.7,10.0,31.0,467.8,46.7,78.3,10.0,65.9,149.2,62.3,38.4,80.8,402.2,250.4,18.3,10.0,129.6,35.8,10.0,44.5,2312.7,41.7,34.2,2235.4,68.2,217.4,10.0,38.0,328.4,419.1,113.2,13.1,10.0,66.3,10.0,167.1,974.2,27.2,190.2,1522.8,822.8,663.2,584.5,114.2,0
509.5,17.2,10.0,39.3,593.6,112.3,58.7,10.0,122.2,90.7,88.2,101.8,127.9,202.9,303.7,11.5,38.7,212.3,35.9,10.0,41.9,2744.4,10.0,40.3,3238.6,84.1,171.2,10.0,84.2,648.1,361.4,125.3,70.0,10.0,65.8,63.9,86.6,533.0,31.5,227.3,1041.5,622.6,471.6,568.7,34.9,0
113.7,10.0,10.0,88.1,1094.2,10.0,10.0,99.8,119.2,33.9,164.1,57.5,217.9,525.6,283.3,30.6,10.0,178.4,37.9,62.1,10.0,165.6,10.0,181.9,10.0,117.9,200.0,10.0,89.6,100.9,231.5,167.4,134.0,10.0,268.5,141.8,10.0,248.9,71.6,268.2,1052.4,508.8,1373.5,980.6,10.0,0
369.1,267.9,10.0,10.0,521.3,10.0,10.0,10.0,28.1,21.2,105.4,294.4,363.1,36.3,531.4,37.6,10.0,108.9,38.5,49.1,10.0,2130.0,14.5,71.0,2464.6,56.5,127.3,432.5,79.9,529.8,489.6,18.8,29.8,10.0,10.0,10.0,78.4,771.1,10.0,274.3,7566.3,4591.5,191.8,504.9,25.3,0
478.2,14.0,10.0,145.3,2345.8,1159.7,59.6,10.0,10.0,10.0,39.0,244.8,10.0,10.0,10.0,10.0,10.0,63.5,149.0,10.0,752.1,647.6,10.0,482.3,10.0,92.3,274.6,105.1,40.2,10.7,200.9,93.2,10.0,640.9,10.0,92.5,10.0,1429.5,94.6,45.2,1066.8,403.1,33.7,180.1,10.0,0
574.3,287.2,10.0,19.9,585.4,251.7,123.6,43.9,150.4,32.7,10.0,363.4,138.5,331.5,28.6,182.2,10.0,144.1,142.5,71.1,33.9,178.9,40.4,766.7,242.5,47.8,126.7,11.4,56.1,266.0,20.7,41.0,53.5,561.5,10.0,79.0,10.0,340.2,28.8,126.8,2332.5,1435.3,1074.8,239.8,10.0,0
258.1,191.4,10.0,47.9,422.0,10.0,188.3,25.4,151.5,10.0,10.0,176.0,60.3,286.9,10.0,54.7,10.0,85.7,73.6,10.0,30.0,176.9,10.0,1059.9,10.0,10.0,229.9,10.0,91.6,300.4,28.7,163.1,89.9,607.3,10.0,130.1,10.0,237.1,59.7,113.3,2942.6,1638.9,924.0,435.8,10.0,0
219.2,10.0,317.0,41.7,434.6,10.0,141.1,10.0,62.1,13.3,10.0,10.0,21.6,803.9,241.3,10.0,194.8,189.6,10.0,10.0,12.0,140.9,10.0,64.8,37.4,65.0,40.2,11.5,10.0,232.1,390.5,183.2,10.0,10.0,51.9,61.4,78.4,590.7,41.6,229.9,3281.2,2360.9,491.1,801.3,10.0,0
302.8,31.4,49.3,68.8,784.1,10.0,11.4,31.7,162.7,10.0,16.5,380.6,348.3,257.3,215.1,10.0,10.0,322.4,155.1,113.2,348.8,1404.1,10.0,622.7,10.0,38.9,92.0,40.1,56.1,139.5,223.8,151.2,14.7,686.3,94.4,28.4,10.0,975.2,22.9,147.6,903.4,504.6,92.7,680.5,83.8,0
286.8,232.3,10.0,177.3,206.7,403.4,192.0,81.2,119.7,52.5,139.8,10.0,105.0,1177.9,38.7,78.4,10.0,175.6,112.8,11.8,31.0,320.0,10.0,244.6,10.0,102.4,104.5,66.6,27.1,50.2,29.4,214.6,10.0,285.1,57.7,10.0,10.0,560.9,22.6,429.0,2714.9,1669.5,527.0,402.8,73.9,0
373.5,100.6,10.0,48.1,643.7,10.0,95.1,43.5,74.8,973.8,269.5,196.9,37.3,455.9,209.2,55.2,10.0,253.5,51.6,43.1,10.0,81.6,10.0,300.7,593.0,10.0,220.2,1174.7,14.7,632.6,214.4,10.0,90.6,102.9,148.0,10.0,10.0,354.9,10.0,201.9,6118.1,3545.5,1215.7,296.2,10.0,0
136.9,111.3,10.0,74.1,751.5,10.0,207.0,10.0,10.0,2218.9,265.6,97.4,36.4,125.1,114.8,10.0,10.0,32.3,23.1,10.0,10.0,65.2,10.0,321.9,1013.3,10.0,247.0,436.5,32.9,653.6,203.1,72.0,102.8,95.3,10.0,125.9,10.0,411.7,44.5,192.8,1292.4,967.9,931.6,467.6,10.0,0
230.3,16.0,83.5,19.3,653.3,329.6,142.9,10.0,81.3,55.8,187.0,120.3,25.7,90.3,694.6,42.6,10.0,20.1,10.0,10.0,35.9,111.8,56.4,275.5,588.1,94.2,221.7,10.0,98.3,175.6,26.5,25.8,10.0,600.0,10.0,10.0,10.0,283.2,17.2,196.9,7879.2,4779.8,157.4,587.4,10.3,0
270.4,125.9,10.0,62.0,584.3,10.0,178.6,10.0,87.9,10.0,10.0,80.8,69.1,426.7,10.0,56.5,10.0,169.5,45.9,74.4,63.6,1464.8,10.0,248.1,56.7,78.1,277.8,4171.1,87.9,263.0,336.7,15.9,17.8,249.3,65.8,10.0,10.0,442.1,82.3,281.4,15871.0,12479.0,969.8,953.9,10.0,0
279.3,210.1,10.0,23.4,903.1,370.8,107.0,32.1,61.1,10.0,10.0,80.1,286.0,454.2,23.9,57.5,10.0,267.1,174.2,78.7,10.0,60.9,10.0,487.2,10.0,115.8,104.4,42.9,81.8,128.3,477.8,182.2,10.0,414.0,21.3,10.0,10.0,694.3,97.5,265.1,3785.5,2083.6,1542.2,229.3,10.0,0
236.0,153.2,10.0,55.9,912.2,379.5,61.5,75.2,110.6,10.0,10.0,10.0,636.8,303.2,16.1,51.0,10.0,175.1,153.9,13.6,203.7,165.4,10.0,261.3,325.0,93.5,98.7,10.0,44.8,99.4,245.7,164.3,52.4,199.0,10.0,10.0,10.0,1025.6,12.9,91.8,3172.5,1765.8,1788.6,232.4,10.0,0
291.3,58.4,168.0,28.7,368.5,10.0,187.5,18.9,103.6,28.0,76.8,33.4,10.0,609.6,1250.6,16.1,10.0,180.5,17.7,10.0,111.3,336.4,11.8,102.5,1402.2,12.5,10.0,328.7,19.5,519.4,541.7,160.1,26.3,391.7,10.0,40.9,10.0,184.0,11.9,211.9,1981.7,1255.7,656.7,833.3,11.9,0
44.2,50.9,10.0,257.0,348.9,1301.0,259.1,10.0,10.0,10.0,205.3,94.0,12.8,278.9,212.2,24.1,10.0,57.6,62.8,10.0,68.4,189.0,10.0,19.6,50.9,16.9,10.0,46.9,82.2,205.0,30.3,270.0,10.0,749.4,10.0,10.0,10.0,575.3,90.0,351.8,821.8,497.8,1193.8,378.1,61.7,0
381.6,422.4,27.1,255.2,274.2,325.2,10.0,40.4,62.4,10.0,254.2,305.1,58.5,151.4,10.0,91.5,10.0,185.2,132.7,115.1,10.0,128.4,10.0,170.8,10.0,54.7,90.8,37.6,25.8,13.6,10.0,45.3,11.9,305.3,10.0,162.6,10.0,1603.7,39.4,252.6,10.0,10.0,1451.0,106.2,71.7,0
482.9,17.3,10.0,58.2,342.0,10.0,120.1,42.0,294.7,29.7,70.0,112.1,20.8,63.7,306.8,19.7,10.0,110.4,10.0,10.0,268.9,851.7,10.0,152.5,38.7,10.0,214.3,177.9,16.2,158.8,567.2,171.4,18.4,57.9,10.0,42.2,10.0,540.4,117.7,125.9,1493.5,745.5,186.1,1691.8,23.6,0
244.8,20.1,10.0,60.7,536.5,128.6,72.6,118.8,136.4,10.0,141.0,75.7,174.9,1192.5,117.9,37.4,10.0,10.0,40.6,44.6,312.2,187.6,10.0,221.4,393.8,49.0,178.5,10.0,76.4,251.9,250.4,151.6,10.0,134.3,320.3,22.5,10.0,702.1,10.0,166.0,1843.4,940.6,1362.9,384.4,15.8,0
320.9,99.9,10.0,63.6,1128.7,239.5,167.5,43.3,38.5,10.0,160.0,38.2,69.4,613.8,124.1,42.5,10.0,160.9,12.3,10.0,28.2,261.3,10.0,79.2,75.9,17.2,54.3,269.3,116.1,52.8,283.0,10.0,24.7,336.7,114.4,10.0,10.0,1354.6,10.0,171.0,7095.1,4948.6,926.3,358.3,10.0,0
88.3,127.6,10.0,55.0,1218.6,318.7,61.4,10.0,33.3,13.6,167.6,72.5,175.1,325.3,206.5,32.1,10.0,64.6,11.5,10.0,21.3,194.9,10.0,122.5,10.0,33.4,41.8,168.9,26.2,50.3,315.2,214.1,61.3,329.8,10.0,10.0,10.0,1166.0,103.8,117.8,5247.2,3438.6,670.6,273.8,10.0,0
101.5,27.6,541.7,23.5,1137.2,193.1,135.9,119.9,131.8,10.0,10.0,10.0,133.8,2047.7,110.1,977.3,10.0,10.2,10.0,10.0,363.1,229.6,10.0,233.1,10.0,88.6,91.4,121.7,10.0,437.5,678.2,67.9,21.9,296.1,316.6,33.4,10.0,304.3,65.7,290.2,3562.9,2137.4,126.2,979.2,10.0,0
387.4,200.5,10.0,579.0,939.6,281.4,10.0,55.7,149.4,10.0,10.0,317.8,529.2,233.7,54.0,20.4,10.0,112.2,163.2,79.3,10.0,197.6,381.2,277.8,20.9,94.6,10.0,652.1,112.0,89.6,31.8,18.5,13.1,168.6,66.2,10.0,10.0,392.5,88.5,50.3,5840.0,3752.9,1082.3,231.7,10.0,0
499.5,129.4,10.0,164.8,811.1,461.5,10.0,10.0,47.4,10.0,234.9,290.1,242.3,10.0,284.5,42.0,10.0,10.0,76.3,23.6,10.0,138.7,70.8,282.4,312.8,10.0,79.4,76.7,94.3,135.0,18.1,48.4,83.8,584.5,10.0,10.0,10.0,809.8,56.6,71.9,82.4,14.3,159.4,507.6,10.0,0
338.1,18.3,10.4,38.7,1114.3,10.0,157.6,108.3,84.9,11.2,37.4,10.0,502.6,2873.6,105.2,49.5,10.0,150.8,48.7,10.0,149.8,61.3,10.0,229.1,10.0,10.0,297.1,10.0,89.7,45.4,438.7,168.0,36.6,429.0,10.0,10.0,10.0,321.0,109.8,188.0,5401.8,3438.8,892.3,258.8,10.0,0
10.0,38.4,91.3,94.1,633.3,11.2,113.6,27.8,69.6,10.0,215.6,67.6,506.5,421.0,13.6,10.8,10.0,93.7,29.3,14.7,163.4,77.3,10.0,253.7,62.1,47.6,127.7,218.4,79.3,229.6,407.7,201.7,18.0,473.9,31.9,66.8,10.0,337.9,10.0,257.0,807.2,481.3,954.9,605.2,10.0,0
232.3,285.7,10.0,494.8,187.1,361.0,10.0,64.0,53.8,16.7,241.5,144.6,111.8,544.6,79.1,20.6,10.0,126.8,179.2,125.7,46.8,420.3,10.0,439.0,10.0,10.0,105.1,137.2,82.2,51.0,24.5,74.7,18.6,611.2,16.6,10.0,10.0,1666.9,10.0,332.1,1909.4,1019.8,1163.5,170.3,270.1,0
227.1,47.0,10.0,57.1,897.9,10.0,142.5,10.0,36.3,33.4,10.0,191.2,899.0,316.5,10.0,38.1,10.0,157.9,10.0,10.0,93.3,52.4,10.0,244.2,594.8,45.8,351.6,10.0,92.2,511.5,458.4,165.5,122.7,403.6,10.0,405.7,10.0,284.7,10.0,300.7,1116.5,321.0,133.7,832.6,10.0,0
175.1,106.2,10.0,44.2,712.8,98.8,104.8,112.3,75.7,10.0,31.9,73.5,266.4,305.4,282.0,102.2,10.0,119.6,67.4,84.3,80.6,281.3,10.0,310.0,15.3,51.1,201.8,10.0,90.1,199.8,571.3,173.7,40.8,522.4,13.1,10.0,395.8,803.0,67.9,178.8,6867.6,5108.5,1278.0,310.8,10.0,0
146.1,54.1,10.0,36.5,367.3,10.0,149.2,10.0,66.2,10.0,16.1,145.9,56.7,211.4,722.8,10.0,10.0,325.7,56.0,75.9,11.9,663.2,76.3,176.9,503.3,114.1,309.7,125.3,113.4,446.4,322.8,158.7,25.8,506.7,10.0,84.7,10.0,1028.9,78.1,174.2,1096.0,584.1,966.8,1205.0,10.0,0
255.1,60.0,10.0,10.0,460.0,10.0,100.3,10.0,289.0,42.1,51.9,54.3,100.0,938.7,621.4,28.5,10.0,152.5,10.0,10.0,48.8,783.8,37.6,212.7,658.1,91.8,147.0,1216.9,104.9,472.7,521.5,156.0,26.7,122.0,294.6,10.0,10.0,401.9,94.8,196.8,5992.5,3964.9,107.3,643.0,10.0,0
304.7,276.1,10.0,28.1,383.2,109.2,157.8,125.8,69.2,22.1,10.0,202.7,84.6,81.4,235.1,23.0,232.0,210.7,10.0,10.0,79.0,1374.9,10.0,539.2,125.1,31.4,128.1,2323.9,104.9,220.3,287.6,150.2,17.1,665.1,10.0,132.2,220.7,527.3,65.9,176.7,7430.4,5072.3,286.8,751.9,10.0,0
335.2,165.1,10.0,127.6,595.2,249.4,78.6,98.6,248.5,11.4,10.0,46.6,212.0,364.9,371.6,10.0,10.0,73.8,85.7,84.2,421.2,155.6,10.0,947.4,69.5,21.3,147.5,37.9,12.6,263.1,64.8,60.5,10.0,372.2,48.7,187.9,10.0,860.0,10.0,97.1,5483.3,3223.5,1078.4,225.8,10.0,0
226.7,654.9,10.0,215.4,344.0,421.3,120.4,25.3,121.1,10.0,10.0,245.7,135.0,116.6,25.6,32.3,10.0,86.7,113.7,31.5,131.8,628.8,10.0,413.0,376.2,10.0,38.8,338.1,69.5,204.3,125.0,170.5,30.2,611.1,10.0,32.4,239.7,1752.7,21.8,80.6,1227.9,785.2,1013.4,735.3,10.0,0
252.3,67.3,10.0,13.3,894.6,51.1,75.1,47.8,87.7,10.0,80.9,10.0,493.1,332.0,668.3,10.0,10.0,371.2,37.3,15.8,51.1,204.8,16.5,207.3,29.3,40.9,177.4,246.6,64.9,338.6,943.4,133.9,13.2,86.3,224.2,10.0,10.0,742.5,28.9,287.3,1887.4,1245.7,658.4,333.0,10.0,0
265.9,675.8,10.0,205.4,348.1,204.4,109.3,11.0,134.2,10.0,15.1,182.2,105.3,130.0,11.1,10.0,10.0,10.0,119.5,60.6,108.4,489.5,10.0,412.0,287.3,10.6,94.9,294.8,82.3,174.6,124.7,161.3,17.9,535.7,10.0,14.0,47.9,1779.4,32.8,80.9,1324.7,872.2,1098.9,726.7,10.0,0
226.0,598.3,10.0,205.7,262.8,891.4,132.7,57.8,115.5,10.0,10.0,113.4,87.5,578.3,10.0,56.0,10.0,26.5,65.3,56.1,162.9,444.0,10.0,456.2,524.7,69.6,208.5,562.7,52.4,86.3,121.8,35.3,10.0,560.6,190.1,10.0,10.0,1657.5,73.8,58.6,1397.9,761.1,2751.3,513.5,10.0,0
100.0,635.1,10.0,241.8,370.6,231.2,83.1,43.6,123.8,10.0,10.0,309.8,109.6,136.4,10.0,10.0,10.0,122.5,128.1,52.6,129.1,637.0,10.0,428.9,305.3,45.4,68.1,391.2,96.0,218.4,116.4,140.1,24.9,651.6,10.0,21.4,10.0,1617.6,57.3,88.9,1387.4,889.2,1048.8,784.8,10.0,0
247.3,188.1,22.4,27.9,176.6,10.0,10.0,183.8,359.6,38.0,47.6,169.6,608.2,241.8,10.0,14.8,10.0,16.1,10.0,281.0,398.4,158.5,10.0,55.8,10.0,454.2,122.0,1621.1,115.5,34.3,78.0,103.4,78.7,119.2,773.4,21.1,10.0,170.9,70.4,41.5,2330.1,1230.1,1376.1,228.3,10.0,0
229.6,85.9,10.0,315.0,957.8,122.8,10.0,214.2,79.8,14.3,41.8,275.4,376.8,224.8,64.1,42.9,39.5,164.4,84.1,98.9,752.9,167.0,10.0,593.6,61.9,52.9,191.0,1180.6,10.0,270.5,209.9,141.6,91.8,233.7,275.0,10.0,65.8,206.2,10.0,131.3,721.7,386.1,1941.4,399.8,10.0,0
233.0,24.4,22.7,56.4,1653.0,513.2,10.0,106.8,211.0,15.6,141.3,10.0,629.6,291.4,51.7,25.6,11.1,54.5,92.7,133.5,89.7,164.5,10.0,232.8,10.0,177.5,147.5,10.0,10.0,310.1,275.4,161.6,52.8,189.1,622.0,12.4,218.1,394.2,23.4,292.2,3337.0,2248.7,861.7,395.1,88.2,0
212.5,86.7,25.8,341.0,1027.8,393.2,11.3,254.8,77.6,10.0,17.7,355.8,403.2,292.5,192.1,80.3,10.0,201.3,96.1,114.1,785.2,200.3,10.0,656.7,64.8,62.1,223.5,1465.3,10.0,264.4,255.7,120.9,73.5,285.1,300.9,10.0,10.0,256.3,15.0,113.4,904.5,502.3,1961.8,453.3,10.0,0
194.9,67.5,45.7,66.1,592.5,581.6,10.0,219.0,126.9,10.0,55.1,31.4,778.0,383.2,105.4,38.9,10.0,10.0,10.0,22.9,736.8,112.5,14.0,381.0,10.0,68.6,166.4,10.0,10.0,41.6,387.3,139.5,36.2,92.8,369.9,10.0,10.0,363.2,64.0,48.2,3620.7,2169.7,1972.5,315.9,78.7,0
175.1,85.5,61.0,28.2,734.0,228.6,21.3,326.9,103.6,10.0,96.3,10.0,817.2,296.4,10.0,37.3,10.0,10.0,10.0,47.9,658.8,134.7,10.0,302.5,10.0,103.0,162.2,54.5,66.4,101.2,390.8,53.3,45.2,156.7,309.3,156.0,10.0,381.6,10.0,56.3,2938.8,1978.8,1439.1,349.9,36.6,0
284.1,40.0,10.0,34.4,1054.5,10.0,124.7,10.0,46.3,10.0,28.6,58.0,45.2,47.0,412.5,33.0,10.0,348.0,33.7,10.0,41.4,268.5,10.0,130.6,240.2,10.0,104.4,118.4,10.0,498.3,301.9,111.0,35.1,327.5,10.0,10.0,10.0,469.2,10.0,300.7,1899.9,1397.9,1196.9,578.6,19.8,0
227.9,114.0,10.0,365.6,277.4,721.7,34.6,10.0,10.0,19.2,218.6,68.9,194.3,10.0,85.1,91.5,10.0,52.0,119.2,10.0,389.8,180.3,10.0,213.1,10.0,24.9,256.6,70.6,74.9,10.0,52.5,175.4,24.1,210.3,10.0,194.6,10.0,1252.9,10.0,164.0,699.3,235.8,603.2,128.5,10.0,0
10.0,172.5,10.0,64.5,264.6,10.0,10.0,172.4,356.2,10.0,103.0,203.4,269.1,746.9,76.2,35.4,10.0,67.7,17.7,317.3,386.9,116.0,21.0,48.0,10.0,232.6,75.1,28.4,87.7,88.6,183.9,123.9,51.1,104.7,473.9,10.0,172.9,206.4,10.0,160.5,2130.3,1115.5,1240.0,147.9,10.0,0
391.0,16.8,297.3,61.5,617.5,354.6,106.0,65.7,80.1,10.0,84.4,10.0,15.4,1948.2,371.6,47.7,10.0,170.6,10.8,10.0,308.8,189.1,10.0,344.2,101.5,23.3,145.0,263.6,10.0,367.1,629.2,10.0,10.0,244.7,164.9,92.8,509.5,289.0,10.0,120.4,564.0,266.5,2096.0,1120.0,10.0,0
444.5,211.1,1353.4,43.0,114.1,52.4,126.0,10.0,22.4,10.0,10.0,17.5,755.5,53.0,357.9,58.7,10.0,103.0,10.0,10.0,1193.2,422.4,10.0,172.4,3100.7,10.0,10.0,10.0,34.0,969.2,292.5,10.0,31.5,10.0,10.0,10.0,362.1,475.2,10.0,94.9,593.5,312.1,178.9,759.6,10.0,0
416.2,256.2,1289.3,25.2,92.2,211.5,150.1,16.6,45.2,10.0,40.9,58.3,815.9,99.9,276.8,106.0,10.0,214.0,10.0,10.0,1071.2,346.8,10.0,269.7,2560.5,10.0,16.0,10.0,60.2,860.0,327.8,125.4,10.0,11.9,10.0,10.0,10.0,539.7,10.0,57.7,765.1,480.2,320.2,755.6,10.0,0
250.3,266.2,800.0,17.3,130.2,23.2,114.8,10.0,32.0,10.0,14.5,23.3,813.0,24.2,118.2,25.4,10.0,60.4,10.0,10.0,749.3,340.9,10.0,143.4,1910.8,10.0,73.4,10.0,10.0,1158.9,474.9,135.5,33.2,10.0,10.0,26.8,10.0,410.6,10.0,84.2,526.0,286.3,112.0,902.7,10.0,0
251.2,249.5,10.0,58.9,544.6,400.4,201.0,78.4,185.5,10.0,144.4,34.7,212.8,90.1,175.9,102.2,10.0,46.6,22.8,55.3,850.6,224.3,121.0,583.5,324.6,128.5,149.7,10.0,10.0,113.7,139.3,10.0,33.1,159.7,221.6,88.7,104.5,444.5,10.0,69.4,16000.0,11465.0,1210.2,226.4,41.3,0
435.7,221.3,10.0,164.6,1092.2,1129.7,98.9,37.8,187.5,10.0,63.9,117.9,622.2,148.1,375.5,239.0,10.0,221.2,190.1,81.1,49.1,162.7,353.3,525.8,10.0,76.3,161.1,64.4,57.7,169.6,87.5,10.0,67.9,488.4,10.0,25.8,323.3,1082.9,18.4,139.9,1964.1,991.1,505.5,124.4,10.0,0
277.0,54.7,10.0,57.5,1041.4,75.7,65.9,17.7,47.3,10.0,121.5,338.0,26.9,10.0,464.9,23.1,10.0,254.0,71.8,15.3,10.0,626.4,10.0,653.2,2368.1,40.7,146.0,68.5,58.2,334.9,115.5,10.0,14.5,298.3,44.8,90.3,429.5,466.9,10.0,278.5,4112.2,2383.7,787.0,1188.0,10.0,0
415.5,122.7,10.0,32.2,1125.8,10.0,10.0,109.1,61.0,24.5,10.0,191.9,75.6,10.0,166.5,30.6,10.0,121.4,68.1,89.9,31.0,403.8,10.0,345.5,1478.9,132.5,83.3,290.0,23.5,441.6,204.2,10.0,37.6,307.4,92.9,88.4,50.0,364.7,31.9,231.4,3287.1,1777.4,420.5,1043.5,10.0,0
13.8,87.8,10.0,144.1,735.7,874.6,10.0,134.0,111.9,10.0,141.0,182.1,78.6,15.9,230.5,38.2,109.1,290.5,90.6,42.6,420.7,471.4,10.0,348.0,593.4,22.3,130.2,433.8,27.1,284.7,10.0,10.0,17.0,10.0,10.0,70.3,454.5,1040.9,10.0,91.9,12259.0,5695.0,640.0,182.0,10.0,0
145.8,732.4,137.7,102.8,482.8,639.1,10.0,357.4,253.4,126.0,468.8,17.4,232.1,544.5,70.7,10.0,10.0,10.0,18.5,259.8,560.6,53.4,10.0,138.7,10.0,174.3,214.6,10.0,10.0,44.9,10.0,143.4,75.1,22.1,40.4,10.0,85.7,501.3,27.8,34.0,1350.0,238.4,1192.3,88.8,10.0,0
219.3,213.5,10.0,28.4,645.4,405.1,114.0,24.6,200.6,25.6,10.0,68.1,286.7,737.4,215.1,129.7,10.0,70.9,21.4,81.6,158.2,114.0,64.0,251.9,840.9,109.4,184.3,1470.6,73.3,93.1,27.8,10.0,43.3,10.0,45.6,10.0,122.5,775.0,10.0,151.5,5711.9,2629.6,1152.4,133.8,10.0,0
218.4,34.8,10.0,127.3,158.7,37.6,11.1,75.3,70.5,10.0,141.4,100.3,55.6,488.7,10.0,75.9,10.0,246.1,98.6,68.9,92.2,152.9,10.0,493.3,10.0,74.6,322.1,1936.8,20.2,60.3,20.9,153.4,10.0,281.2,39.8,101.3,10.0,1103.6,71.6,174.6,2514.0,1234.6,976.5,203.2,162.5,0
235.9,1107.3,35.5,31.6,10.0,484.8,14.5,76.7,222.8,10.0,32.6,117.9,421.0,97.2,47.2,37.1,10.0,178.2,10.0,191.3,466.4,318.5,10.0,10.0,10.0,17.9,78.8,10.0,10.0,10.0,10.0,57.4,10.0,193.8,20.2,52.6,362.7,2186.6,10.0,51.6,196.5,83.4,663.0,43.8,10.0,0
15.8,285.4,53.9,294.5,954.0,674.5,10.0,134.9,101.1,10.0,51.4,152.8,10.0,152.9,10.0,10.0,10.0,119.3,55.7,32.8,152.2,285.5,10.0,359.9,10.0,10.0,290.5,10.0,45.8,10.0,10.0,127.5,10.0,306.7,10.0,10.0,295.9,1002.9,29.8,328.0,113.5,10.0,1508.1,279.3,5936.8,0
225.8,700.8,16.6,363.1,1365.4,1204.0,10.0,124.0,38.3,10.0,10.0,144.0,22.8,86.4,51.7,19.0,107.4,135.8,133.8,72.2,242.2,192.2,10.0,361.5,10.0,10.0,132.2,10.0,85.9,18.2,10.0,214.8,10.0,418.8,10.0,10.7,60.7,1337.6,10.0,398.7,10.0,10.0,1497.6,254.2,4773.1,0
373.4,30.7,41.6,344.5,1711.7,244.1,10.0,28.8,179.3,10.0,84.1,288.8,426.9,800.2,159.3,818.8,95.2,330.8,72.1,89.8,174.5,148.6,1065.0,462.4,10.0,10.0,31.1,319.7,37.6,253.0,123.6,14.1,10.0,10.0,10.0,84.4,134.2,948.7,10.0,156.6,538.9,287.7,43.3,137.4,10.0,0
419.8,15.0,42.2,30.9,203.3,10.0,141.1,32.9,63.4,10.0,10.0,12.7,266.2,142.3,162.5,498.6,10.0,106.7,63.8,48.2,1897.9,243.7,10.0,295.4,161.8,18.2,172.4,10.0,44.6,139.6,177.0,34.5,16.4,10.0,10.0,10.0,10.0,3511.3,23.5,77.1,431.5,168.9,953.0,482.2,19.5,0
63.8,81.1,10.0,124.3,1378.0,10.0,10.0,91.6,246.0,10.0,90.5,100.8,1009.5,166.3,10.0,119.6,10.0,79.2,92.2,81.9,203.0,45.8,10.0,337.3,39.5,93.3,10.0,10.0,113.1,206.8,206.1,161.6,139.0,131.9,10.0,10.0,10.0,404.9,10.0,40.7,6297.6,3947.6,885.9,265.5,10.0,0
283.5,39.6,10.0,31.4,947.9,10.0,38.3,56.3,68.0,23.7,111.3,22.0,40.7,153.7,173.3,14.5,10.0,53.5,10.0,10.0,139.4,445.3,10.0,348.0,10.0,56.3,32.6,418.0,102.3,220.3,10.0,98.0,32.8,10.0,25.8,102.7,10.0,628.9,10.0,225.0,3192.7,1951.0,1446.2,200.1,10.0,0
574.5,30.5,10.0,20.9,831.0,126.4,141.0,181.4,72.4,10.0,60.5,56.3,52.9,227.4,434.9,22.4,10.0,141.5,10.0,75.5,151.9,399.0,10.0,480.0,10.0,52.4,36.8,747.3,19.3,120.7,10.0,171.8,57.7,10.0,10.0,10.0,10.0,741.0,10.0,311.3,5309.6,3272.7,1995.2,196.1,10.0,0
145.1,397.7,10.0,15.8,129.5,199.3,15.7,149.5,39.9,303.0,10.0,89.9,42.1,284.3,58.2,15.0,10.0,281.8,10.0,28.2,117.0,233.4,10.0,403.4,90.7,10.0,59.0,10.0,395.6,115.3,54.4,158.0,103.7,85.4,10.0,193.2,10.0,1644.8,63.5,98.9,6058.1,4088.4,597.4,146.5,10.0,0
200.1,393.4,10.0,41.5,124.3,824.9,35.6,49.0,24.1,405.4,10.0,22.4,54.9,309.8,158.2,70.3,10.0,348.4,10.0,142.7,125.4,284.1,10.0,503.8,109.8,41.9,83.5,10.0,349.5,85.3,27.9,10.0,70.1,95.7,10.0,89.1,10.0,1619.9,10.0,75.4,9478.8,6964.7,737.8,131.4,10.0,0
335.1,47.0,10.0,65.1,976.3,1892.0,41.8,10.0,124.4,10.3,39.8,113.1,375.9,126.1,10.0,284.6,10.0,47.3,279.3,132.9,219.8,68.9,66.8,450.1,10.0,41.2,186.2,10.0,14.1,186.7,309.0,169.1,94.7,253.7,28.1,10.0,10.0,1259.1,87.7,97.1,3099.8,1715.5,1205.0,203.1,10.0,0
269.0,48.2,26.2,161.5,1098.0,774.8,14.0,100.4,322.1,10.0,124.8,22.8,522.5,313.1,237.0,10.0,10.0,263.2,42.0,36.9,413.5,191.6,23.0,110.3,10.0,27.7,123.9,1563.2,82.4,225.7,71.7,142.6,86.6,120.3,138.8,15.2,10.0,395.1,10.0,375.1,2802.4,1382.0,645.3,245.7,526.4,0
10.0,80.4,23.6,58.1,430.3,160.9,32.3,147.8,231.1,21.4,64.8,96.9,34.1,205.2,246.5,21.0,69.7,229.5,10.0,142.4,41.8,316.2,10.0,52.8,68.7,78.5,83.9,74.1,34.2,98.6,49.9,143.0,10.0,172.3,10.0,44.1,10.0,359.9,10.0,634.1,6970.0,3910.9,2171.4,812.4,10.0,0
10.0,174.3,10.0,44.6,367.6,281.4,10.0,211.5,185.9,10.0,217.1,138.1,28.0,52.4,181.5,21.9,10.0,10.0,10.0,211.5,47.8,401.0,10.0,78.2,62.6,10.0,44.2,63.0,10.0,69.2,22.4,10.0,19.1,135.0,10.0,28.6,10.0,422.4,37.8,446.0,5337.8,2301.2,3104.5,706.1,10.0,0
341.7,343.3,10.0,42.0,250.9,10.0,18.5,63.0,25.5,10.0,10.0,61.1,33.5,255.5,10.0,10.0,10.0,244.5,71.6,48.9,121.5,305.8,10.0,528.2,38.9,46.0,27.7,10.0,10.0,125.8,94.5,148.1,12.2,405.9,10.0,125.5,10.0,1131.9,104.9,305.4,2471.7,1644.1,1879.4,526.2,10.0,0
190.8,20.1,514.7,61.1,64.5,10.0,170.0,10.0,179.1,10.0,61.0,24.3,71.2,1259.1,366.2,15.2,10.0,10.0,10.0,10.0,34.6,69.4,10.0,245.4,22.0,10.0,344.2,1650.9,96.8,263.1,482.5,204.8,24.4,253.3,10.0,11.1,10.0,69.3,53.2,115.8,5058.3,3055.0,1697.0,1218.5,93.4,0
417.9,143.7,10.0,19.9,239.0,10.0,26.1,114.3,21.3,153.0,65.9,53.1,31.1,168.6,329.6,18.4,53.9,321.0,40.9,11.8,32.5,466.8,10.0,513.2,10.0,26.4,62.9,10.0,62.2,40.1,13.2,148.5,10.0,383.2,10.0,19.1,10.0,1282.2,35.3,319.5,1964.1,1213.0,717.0,251.0,1000.4,0
10.0,39.8,10.0,51.0,366.0,210.3,54.1,262.9,220.6,10.0,228.0,10.0,235.1,282.5,371.1,47.6,10.0,12.8,34.3,77.1,221.3,260.2,10.0,209.6,390.8,29.5,109.4,243.6,45.1,265.3,225.6,134.3,15.6,30.2,351.0,10.0,291.4,148.3,19.9,212.8,6100.8,2674.8,1476.1,534.7,108.6,0
144.9,17.8,10.0,30.8,375.8,10.0,101.8,10.0,281.8,10.0,10.0,152.8,49.4,323.2,292.3,49.4,10.0,208.7,15.3,67.0,10.0,1600.1,13.7,279.2,411.0,32.8,65.1,2221.7,16.9,374.0,552.8,10.0,20.8,156.6,10.0,10.0,10.0,631.3,10.0,83.7,1365.7,902.3,205.2,2449.7,10.0,0
10.0,32.8,10.0,33.4,604.3,780.5,10.0,39.6,438.8,10.0,112.5,10.0,1311.7,10.0,418.9,256.5,10.0,90.0,52.1,10.0,2142.4,145.6,114.5,393.5,30.8,101.2,145.8,10.0,10.0,204.9,497.9,89.0,50.9,10.0,10.0,10.0,10.0,159.2,10.0,114.8,1934.5,533.2,815.6,291.9,10.0,0
310.4,96.3,10.0,106.1,503.1,170.4,90.0,87.0,94.6,10.0,110.4,101.8,162.6,384.4,353.1,46.9,10.0,73.4,20.5,98.5,177.7,321.5,10.0,616.1,1276.8,21.4,49.8,10.0,91.0,102.5,42.5,106.5,29.9,13.4,45.0,10.0,10.0,676.2,84.2,72.9,6600.2,4073.1,1882.3,554.8,10.0,0
276.0,29.5,10.0,39.5,468.6,183.7,61.5,19.7,55.2,13.4,151.6,261.0,32.4,404.8,1079.7,10.0,10.0,411.8,46.9,10.0,62.8,1023.1,10.0,201.6,269.4,28.1,332.1,24.7,10.8,258.4,915.9,126.4,10.0,10.0,10.0,10.0,10.0,718.3,26.1,483.5,2277.9,1039.4,500.2,2758.4,10.0,0
265.4,74.5,10.0,23.5,732.9,10.0,168.1,10.0,448.7,10.7,170.7,142.0,17.7,331.8,837.2,43.4,10.0,333.1,69.8,10.0,10.0,1571.5,10.0,268.6,15.6,83.4,174.6,643.2,17.3,591.6,34.4,194.3,53.9,90.7,30.6,79.9,10.0,496.9,76.8,230.2,2419.4,1416.9,577.8,994.6,10.0,0
158.6,195.0,10.0,53.4,256.8,10.0,182.1,10.0,77.4,526.2,55.2,54.7,87.4,58.1,14.2,32.3,134.7,81.0,10.0,50.0,44.1,142.5,10.0,120.2,418.0,42.5,161.6,10.0,234.8,442.0,25.3,145.6,102.6,10.0,10.0,92.6,10.0,445.8,10.0,400.3,525.9,235.4,1001.7,545.0,10.0,0
111.9,211.6,10.0,65.7,255.3,250.5,14.4,10.0,82.4,942.0,147.9,56.6,168.4,215.7,127.4,40.6,829.2,230.2,27.9,10.0,128.0,121.8,10.0,176.8,620.4,10.0,78.5,10.0,316.0,248.4,22.3,10.0,88.7,10.0,10.0,10.0,10.0,362.6,10.0,639.4,1261.7,859.7,951.6,533.7,10.0,0
252.5,69.1,10.0,43.2,790.4,10.0,12.7,56.3,230.0,10.0,60.3,10.0,111.0,248.4,192.5,39.1,10.0,125.9,144.7,92.8,101.4,148.0,56.5,312.6,49.2,91.6,23.7,787.9,92.4,58.4,17.8,139.7,10.0,200.5,10.0,10.0,10.0,2259.0,45.5,151.3,4252.4,2193.9,647.9,216.4,10.0,0
328.9,167.1,10.0,36.9,802.0,370.9,10.0,56.3,166.2,29.7,17.2,114.6,67.9,275.6,240.8,10.0,10.0,328.3,93.7,158.3,90.2,238.4,10.0,599.2,37.5,54.2,10.0,990.6,31.0,41.0,10.0,10.0,10.0,227.0,10.0,14.4,10.0,2581.2,10.0,142.4,4136.4,2212.3,440.2,152.9,10.0,0
232.3,51.2,10.0,38.4,1182.1,125.4,74.4,10.2,246.8,10.0,25.0,10.0,582.3,266.8,34.3,131.6,10.0,29.0,53.9,10.0,231.7,173.7,10.0,206.0,10.0,47.4,10.0,117.5,10.0,36.1,347.7,125.5,18.0,302.8,10.0,68.7,10.0,1417.6,10.0,121.2,2049.6,1172.3,1052.0,227.7,10.0,0
312.6,119.9,100.1,153.5,923.1,188.5,168.9,76.6,243.3,10.0,136.4,10.0,587.5,1074.3,293.4,90.6,10.0,10.0,124.8,87.1,200.6,129.5,201.3,304.1,1017.2,61.9,163.4,333.8,10.0,250.5,175.7,10.0,33.9,273.6,202.9,10.0,666.1,461.5,17.3,87.3,3622.5,2011.9,961.0,408.6,71.7,0
281.3,116.6,80.4,160.9,882.6,353.7,117.0,80.4,242.9,10.0,130.0,54.3,503.4,990.2,258.5,142.9,138.1,16.7,115.3,120.7,171.9,116.5,203.3,274.9,977.5,58.5,179.3,303.9,45.9,262.6,177.5,10.0,13.8,276.1,204.0,10.0,372.6,380.4,56.7,94.4,3308.6,2124.0,904.7,423.6,50.9,0
332.1,27.8,154.5,54.5,969.4,221.8,89.4,10.0,174.3,10.0,213.3,88.0,180.6,1034.2,209.7,87.3,121.0,380.0,39.7,21.0,90.2,117.5,10.0,257.7,56.1,80.7,211.6,10.0,36.5,96.3,436.3,28.3,49.3,213.6,292.7,10.0,256.3,457.3,10.0,83.3,8564.1,4961.8,947.1,332.1,10.0,0
194.9,67.0,10.0,19.9,198.5,10.0,116.5,10.0,10.0,24.5,233.6,76.1,22.3,56.7,661.1,10.0,10.0,575.2,26.5,10.0,10.0,1784.2,10.0,465.6,1502.9,10.0,35.9,420.6,74.0,154.6,27.3,88.3,22.6,70.3,10.0,87.5,403.3,954.1,105.3,259.2,1178.3,397.7,155.2,89.8,10.0,0
18.3,1754.1,10.0,83.3,176.1,1128.4,10.0,112.0,78.1,10.0,130.1,10.0,490.4,10.0,113.8,73.1,10.0,239.8,10.0,78.2,144.7,121.3,10.0,47.8,10.0,83.1,10.0,10.0,55.7,20.0,10.0,105.6,10.9,127.9,10.0,64.9,449.6,476.8,36.3,56.2,5340.3,2635.1,944.0,57.0,10.0,0
340.0,65.8,622.5,25.6,472.5,196.0,111.9,10.0,63.9,10.0,46.9,54.4,232.8,966.3,471.9,315.6,19.7,50.9,10.0,10.0,91.2,268.7,38.1,385.4,10.0,47.6,118.3,206.6,86.7,263.5,169.0,126.0,11.4,350.3,301.8,19.9,10.0,514.9,27.0,248.5,1672.0,903.6,529.1,752.1,10.0,0
247.4,38.2,10.0,47.6,911.4,786.3,10.0,70.4,179.8,10.0,71.9,245.7,1868.7,225.1,159.3,156.9,10.0,105.9,102.3,39.6,125.9,135.7,10.0,326.4,79.0,28.4,180.6,10.0,82.5,120.6,578.0,196.1,199.6,211.2,33.6,10.0,166.5,313.9,36.2,145.9,667.5,302.2,1036.2,573.6,10.0,0
217.4,17.8,57.0,31.5,874.5,10.0,95.1,109.9,100.6,19.6,125.7,33.2,149.5,1113.3,462.4,69.0,10.0,34.7,10.0,13.3,83.3,194.6,10.0,141.9,10.4,65.5,20.6,215.9,10.0,492.2,152.7,138.5,29.5,279.5,607.9,39.3,24.0,178.8,91.9,161.7,3222.0,1823.6,666.7,856.0,10.0,0
312.9,41.2,106.7,55.8,851.3,542.3,139.7,40.2,93.1,228.2,131.4,126.3,393.0,656.6,336.2,30.9,10.0,128.6,35.7,59.2,54.4,271.4,10.0,568.9,29.6,124.0,119.4,496.6,10.0,221.4,515.9,199.2,30.0,161.6,385.7,10.0,135.3,681.7,40.5,168.4,1786.7,977.3,664.5,618.3,10.0,0
218.3,45.5,45.5,58.9,721.2,1697.8,10.0,110.5,77.0,10.0,66.4,34.8,70.6,2178.5,321.1,33.7,10.0,18.1,36.8,15.0,10.0,495.0,10.0,232.5,37.0,89.7,122.7,259.0,54.1,183.8,256.0,122.3,18.0,194.2,1088.2,12.7,10.0,439.9,10.0,126.1,1512.1,1101.9,958.9,589.1,48.8,0
276.5,55.6,10.0,44.6,990.5,10.0,140.6,10.0,71.6,10.0,52.4,32.7,66.3,87.8,475.8,20.4,10.0,403.6,10.0,27.7,61.3,233.3,10.0,136.7,321.5,10.0,54.0,56.1,78.2,508.6,282.5,115.9,10.0,299.8,10.0,10.0,10.0,399.9,10.0,275.3,2006.5,1231.3,1277.6,495.8,10.0,0
642.5,640.4,10.0,214.1,1196.9,293.2,111.3,70.1,44.4,10.0,10.0,49.3,36.8,119.2,131.4,25.0,10.0,556.3,22.1,10.0,57.8,400.0,10.0,144.7,10.0,41.4,64.3,555.8,51.4,119.7,17.4,45.5,13.2,78.8,11.0,64.4,10.0,1520.6,10.0,307.4,1233.3,605.0,670.1,276.5,10.0,0
216.8,10.0,10.0,54.7,461.4,64.7,96.5,10.0,135.7,19.0,91.2,154.4,41.6,210.3,246.2,29.7,10.0,278.8,122.9,14.2,143.6,2821.0,79.5,41.4,212.4,124.5,286.8,1277.2,92.0,594.3,421.0,44.0,18.1,191.8,31.7,31.7,660.4,771.1,75.0,155.3,1918.9,1092.5,654.1,406.1,10.0,0
93.9,142.2,10.0,43.0,327.0,276.6,10.0,10.0,125.2,21.0,86.7,10.0,160.6,163.1,514.8,48.1,10.0,279.9,30.0,28.2,10.0,1539.2,10.0,10.0,10.0,114.0,19.9,451.0,63.3,303.8,10.0,10.0,11.6,114.9,10.0,123.9,1086.4,1153.9,17.0,116.3,16000.0,12620.0,31.6,153.1,10.0,0
127.1,10.0,28.2,148.4,260.7,646.7,10.0,38.0,591.2,23.7,106.4,282.7,595.4,1077.8,282.0,255.1,10.0,45.5,50.0,494.5,282.3,1011.0,10.0,144.6,87.5,611.9,142.7,2594.8,62.6,153.7,127.6,103.1,62.1,175.5,1162.4,10.0,447.9,151.9,10.0,121.0,6252.5,2848.6,107.7,194.8,201.4,0
603.5,63.1,10.0,139.2,1967.8,207.6,128.3,48.0,122.5,10.0,154.1,129.6,10.0,143.4,244.5,10.0,10.0,646.3,17.6,10.0,45.9,141.5,10.0,416.9,49.3,10.0,10.0,54.2,21.4,132.6,23.5,10.0,27.7,521.0,10.0,10.0,527.6,995.7,28.8,377.9,761.8,449.3,803.2,249.6,10.0,0
357.0,66.7,10.0,417.4,402.9,219.6,10.0,92.9,137.0,10.0,63.1,102.8,84.3,1068.0,862.3,106.7,10.0,285.2,31.4,63.7,134.7,76.0,626.8,141.9,10.0,93.7,172.2,155.7,64.2,320.9,25.0,10.0,10.0,339.1,10.0,10.0,572.5,546.2,10.0,317.4,16000.0,10977.0,340.5,115.3,10.0,0
247.5,33.9,10.0,480.2,372.6,179.7,10.0,113.8,70.8,10.0,124.3,137.7,29.9,1302.0,1403.8,107.1,21.1,334.3,49.3,61.2,65.6,51.0,784.3,155.8,10.0,44.4,143.9,278.1,75.3,253.2,17.3,11.1,10.0,369.5,10.0,10.0,10.0,644.5,32.2,310.3,11206.0,7685.7,344.5,223.5,10.0,0
213.1,121.7,105.8,41.0,451.0,227.6,30.7,47.1,52.1,10.0,38.0,10.0,78.7,40.3,557.0,11.0,10.0,231.9,10.0,97.7,56.1,862.4,10.0,257.5,49.8,44.5,183.6,74.2,21.8,48.4,142.1,28.1,59.8,310.2,10.0,10.0,668.7,786.3,10.0,301.7,2899.4,1729.4,655.0,178.1,10.0,0
498.3,199.4,10.0,16.8,738.4,343.0,10.0,97.5,25.2,11.9,10.0,10.0,48.9,157.1,115.9,10.0,10.0,291.1,27.5,10.0,90.7,368.8,10.0,216.2,42.6,10.0,101.1,10.0,10.0,151.4,40.0,107.7,12.3,204.8,10.0,145.6,10.0,1571.4,43.4,221.1,3487.0,2254.8,743.6,252.4,10.0,0
351.3,755.6,10.0,211.2,156.4,213.3,10.0,74.9,42.4,10.0,280.0,107.4,17.3,88.1,176.5,64.2,28.2,482.3,67.6,101.5,90.1,340.5,10.0,290.0,10.0,28.8,10.0,10.0,71.8,28.1,18.0,26.1,10.0,367.5,10.0,206.7,742.9,1250.7,10.0,515.4,2460.5,1358.6,769.2,139.1,10.0,0
263.0,562.9,10.0,211.7,188.3,15.6,204.9,53.9,14.1,10.0,346.3,49.3,10.0,77.4,271.7,16.4,10.0,749.3,10.0,10.0,74.4,263.2,10.0,143.7,10.0,46.8,10.0,10.0,113.4,19.6,29.7,88.6,10.0,372.8,10.0,10.0,10.0,1616.2,10.0,284.1,2278.6,1379.0,605.2,229.1,10.0,0
113.5,316.6,10.0,25.7,397.2,60.8,116.8,101.8,77.2,36.6,86.6,71.6,64.0,140.7,60.0,10.0,49.1,64.3,10.0,46.7,105.7,881.6,10.0,134.5,1679.7,97.9,109.1,466.8,29.9,346.3,150.6,210.0,17.7,95.4,54.2,10.0,380.8,703.9,10.0,237.0,1651.9,893.2,975.6,1409.3,1016.2,0
163.5,63.3,34.8,10.0,612.0,134.7,92.4,100.4,110.4,10.0,10.0,88.3,616.5,187.6,49.0,28.7,10.0,194.2,70.8,112.7,89.8,221.5,10.0,265.3,10.0,140.6,171.8,518.6,13.4,166.9,525.9,150.1,22.4,399.8,212.2,14.9,10.0,609.2,62.7,68.0,4124.4,2642.7,713.0,155.8,10.0,0
280.8,321.1,10.0,73.3,327.4,10.0,123.7,75.8,106.8,10.8,15.3,10.0,226.6,265.4,64.7,32.9,33.5,48.9,10.0,35.9,43.2,1695.1,14.4,76.6,355.1,92.0,152.5,314.3,43.2,209.0,497.5,153.8,39.3,139.9,10.0,10.0,10.0,409.2,56.6,141.9,2587.4,1573.0,1279.2,579.0,10.0,0
334.5,21.6,12.9,10.0,625.4,10.0,60.8,39.0,179.3,16.3,34.3,43.7,27.8,181.0,238.5,12.6,10.0,86.7,10.0,10.0,73.2,1552.3,10.0,96.9,10.0,105.0,10.0,208.2,65.3,350.7,846.9,98.8,10.0,53.0,344.9,10.0,83.0,214.1,33.9,190.8,4260.8,2548.0,1086.0,683.9,10.0,0
262.6,248.1,10.0,111.2,602.4,115.2,146.0,120.0,125.2,10.0,10.0,10.0,214.2,1630.5,10.0,28.7,10.0,35.9,10.0,102.4,195.3,188.1,10.0,212.5,184.7,190.8,125.6,45.6,97.3,158.9,145.7,161.6,56.3,94.3,356.1,10.0,10.0,302.2,78.9,100.0,2940.6,1632.8,1369.9,322.6,16.7,0
116.4,268.2,10.0,27.4,476.0,10.0,166.7,10.0,18.0,10.0,147.5,218.9,62.6,52.1,538.1,10.0,10.0,189.6,17.2,10.0,13.4,448.1,10.0,10.0,254.4,45.1,123.0,1500.8,10.0,512.0,10.0,207.0,25.2,10.0,10.0,52.8,255.3,1879.5,10.1,101.9,4103.1,2146.9,215.9,326.5,10.0,0
236.8,19.9,137.4,24.7,122.9,523.5,49.2,69.8,96.5,10.0,172.1,474.3,1839.9,1902.6,181.8,43.8,118.2,10.8,10.0,110.8,73.2,164.1,10.0,296.4,10.0,10.0,60.2,10.0,17.5,165.0,229.1,204.5,147.6,244.0,10.0,10.0,10.0,230.6,51.4,63.5,233.5,56.4,674.2,384.8,10.0,0
286.4,167.4,10.0,19.8,280.6,262.6,118.5,14.3,74.8,10.0,29.8,70.7,458.2,93.3,465.0,55.7,32.1,130.9,70.5,68.3,114.6,2721.9,10.0,280.7,1877.7,72.3,125.8,48.1,30.3,266.6,233.0,146.6,105.1,445.5,10.0,22.9,10.0,902.6,46.2,183.6,1165.4,567.9,544.4,686.3,10.0,0
355.3,116.6,10.0,15.0,957.7,267.8,87.7,261.2,62.4,10.0,76.6,59.0,263.3,829.7,408.3,713.1,10.0,464.6,32.6,36.2,390.7,195.6,10.0,237.1,1078.6,41.2,190.7,304.2,32.0,251.4,417.2,123.5,10.0,829.5,499.4,10.0,10.0,1724.2,29.3,106.3,307.9,76.0,1930.8,502.2,18.9,0
268.2,53.6,10.0,218.2,359.7,10.0,212.9,10.0,40.9,29.0,266.8,41.5,10.0,311.8,10.0,37.4,10.0,222.0,40.4,10.0,10.0,538.5,10.0,184.0,10.0,58.4,195.8,10.0,157.7,26.1,23.9,265.0,10.0,35.1,10.0,10.0,10.0,799.1,126.1,539.4,10.0,10.0,10.0,929.5,10.0,0
242.9,116.7,10.0,145.5,261.6,197.9,36.2,158.5,47.2,12.7,227.4,102.0,77.5,316.4,392.7,20.5,339.3,154.4,83.9,10.0,83.3,320.5,10.0,257.2,10.0,14.7,98.7,10.0,10.0,85.8,200.0,196.3,10.0,10.0,30.7,10.0,45.9,1012.9,10.0,358.3,610.5,331.1,1066.0,375.6,12.1,0
